-- phpMyAdmin SQL Dump
-- version 5.2.0
-- https://www.phpmyadmin.net/
--
-- Máy chủ: 127.0.0.1
-- Thời gian đã tạo: Th12 23, 2024 lúc 03:00 AM
-- Phiên bản máy phục vụ: 10.4.27-MariaDB
-- Phiên bản PHP: 8.0.25

SET SQL_MODE = "NO_AUTO_VALUE_ON_ZERO";
START TRANSACTION;
SET time_zone = "+00:00";


/*!40101 SET @OLD_CHARACTER_SET_CLIENT=@@CHARACTER_SET_CLIENT */;
/*!40101 SET @OLD_CHARACTER_SET_RESULTS=@@CHARACTER_SET_RESULTS */;
/*!40101 SET @OLD_COLLATION_CONNECTION=@@COLLATION_CONNECTION */;
/*!40101 SET NAMES utf8mb4 */;

--
-- Cơ sở dữ liệu: `thitracnghiem`
--

-- --------------------------------------------------------

--
-- Cấu trúc bảng cho bảng `cauhoi`
--

CREATE TABLE `cauhoi` (
  `macauhoi` int(11) NOT NULL,
  `noidung` varchar(500) NOT NULL,
  `dokho` int(11) NOT NULL,
  `mamonhoc` varchar(50) NOT NULL,
  `machuong` int(11) NOT NULL,
  `nguoitao` varchar(50) DEFAULT NULL,
  `trangthai` int(11) DEFAULT 1
) ENGINE=InnoDB DEFAULT CHARSET=utf8mb4 COLLATE=utf8mb4_general_ci;

--
-- Đang đổ dữ liệu cho bảng `cauhoi`
--

INSERT INTO `cauhoi` (`macauhoi`, `noidung`, `dokho`, `mamonhoc`, `machuong`, `nguoitao`, `trangthai`) VALUES
(538, 'Trong PHP, hàm nào được sử dụng để kiểm tra xem một file có phải là một thư mục ẩn hay không?', 1, 'TH4309', 43, '101010', 1),
(539, 'Trong PHP, hàm nào được sử dụng để lấy tên file của một đường dẫn?', 2, 'TH4309', 43, '101010', 1),
(540, 'Trong PHP, hàm nào được sử dụng để sao chép một file từ một vị trí đến vị trí khác?', 3, 'TH4309', 43, '101010', 1),
(541, 'Trong PHP, hàm nào được sử dụng để đổi tên một file hoặc thư mục?', 2, 'TH4309', 43, '101010', 1),
(542, 'Trong PHP, hàm nào được sử dụng để kiểm tra xem một file có phải là một symbolic link hay không?', 1, 'TH4309', 43, '101010', 1),
(543, 'Trong PHP, hàm nào được sử dụng để lấy định dạng phần mở rộng của một file?', 2, 'TH4309', 43, '101010', 1),
(544, 'Trong PHP, hàm nào được sử dụng để kiểm tra xem một file có phải là một FIFO pipe hay không?', 3, 'TH4309', 43, '101010', 1),
(545, 'Trong PHP, hàm nào được sử dụng để kiểm tra xem một file có phải là một character device hay không?', 1, 'TH4309', 43, '101010', 1),
(546, 'Trong PHP, hàm nào được sử dụng để lấy đường dẫn thư mục cha của một đường dẫn?', 2, 'TH4309', 43, '101010', 1),
(547, 'Trong PHP, hàm nào được sử dụng để xóa một thư mục?', 2, 'TH4309', 43, '101010', 1),
(548, 'Trong PHP, hàm nào được sử dụng để kiểm tra xem một file có phải là một socket hay không?', 1, 'TH4309', 43, '101010', 1),
(549, 'Trong PHP, hàm nào được sử dụng để lấy định dạng thời gian của một file?', 2, 'TH4309', 43, '101010', 1),
(550, 'Trong PHP, hàm nào được sử dụng để kiểm tra xem một file có phải là một file ASCII hay không?', 3, 'TH4309', 43, '101010', 1),
(551, 'Trong PHP, hàm nào được sử dụng để lấy thông tin về một file như kích thước, thời gian sửa đổi và đường dẫn?', 1, 'TH4309', 43, '101010', 1),
(552, 'Trong PHP, hàm nào được sử dụng để kiểm tra xem một file có phải là một file reguler hay không?', 2, 'TH4309', 43, '101010', 1),
(553, 'Trong PHP, hàm nào được sử dụng để đọc nội dung của một file và trả về dưới dạng một mảng các dòng?', 3, 'TH4309', 43, '101010', 1),
(554, 'Trong PHP, hàm nào được sử dụng để đọc nội dung của một file và trả về dưới dạng một chuỗi?', 1, 'TH4309', 43, '101010', 1),
(555, 'Trong PHP, hàm nào được sử dụng để ghi nội dung vào một file?', 2, 'TH4309', 43, '101010', 1),
(556, 'Trong PHP, hàm nào được sử dụng để đổi quyền truy cập của một file?', 3, 'TH4309', 43, '101010', 1),
(557, 'Trong PHP, hàm nào được sử dụng để đổi chủ sở hữu của một file?', 1, 'TH4309', 43, '101010', 1),
(558, 'Trong PHP, hàm nào được sử dụng để đổi nhóm sở hữu của một file?', 2, 'TH4309', 43, '101010', 1),
(559, 'Trong PHP, hàm nào được sử dụng để kiểm tra xem một file có phải là một file ảnh WebP hay không?', 3, 'TH4309', 43, '101010', 1),
(560, 'Trong PHP, hàm nào được sử dụng để lấy kích thước tập tin được chỉ định theo đơn vị định dạng con người?', 1, 'TH4309', 43, '101010', 1),
(561, 'Trong PHP, hàm nào được sử dụng để lấy kích thước của một thư mục?', 2, 'TH4309', 43, '101010', 1),
(562, 'Trong PHP, hàm nào được sử dụng để lấy danh sách tất cả các tập tin trong một thư mục và trả về dưới dạng một mảng?', 3, 'TH4309', 43, '101010', 1),
(563, 'Trong PHP, hàm nào được sử dụng để đọc nội dung của một file CSV và trả về dưới dạng một mảng hai chiều?', 1, 'TH4309', 43, '101010', 1),
(564, 'Trong PHP, hàm nào được sử dụng để ghi nội dung vào một file CSV từ một mảng hai chiều?', 2, 'TH4309', 43, '101010', 1),
(565, 'Trong PHP, hàm nào được sử dụng để kiểm tra xem một file có phải là một file PDF hay không?', 3, 'TH4309', 43, '101010', 1),
(566, 'Trong PHP, hàm nào được sử dụng để kiểm tra xem một file có phải là một file ZIP hay không?', 1, 'TH4309', 43, '101010', 1),
(567, 'Trong PHP, hàm nào được sử dụng để nén một thư mục thành một file ZIP?', 2, 'TH4309', 43, '101010', 1),
(568, 'Trong PHP, hàm nào được sử dụng để giải nén một file ZIP vào một thư mục?', 3, 'TH4309', 43, '101010', 1),
(569, 'Trong PHP, hàm nào được sử dụng để tạo một file mới và mở nó để ghi nội dung?', 1, 'TH4309', 43, '101010', 1),
(570, 'Trong PHP, hàm nào được sử dụng để đóng một file đã mở?', 2, 'TH4309', 43, '101010', 1),
(571, 'Trong PHP, hàm nào được sử dụng để đổi tên một file?', 3, 'TH4309', 43, '101010', 1),
(572, 'Trong PHP, hàm nào được sử dụng để xóa một file?', 1, 'TH4309', 43, '101010', 1),
(573, 'Trong PHP, hàm nào được sử dụng để kiểm tra xem một file có phải là một file hình ảnh PNG hay không?', 2, 'TH4309', 43, '101010', 1),
(574, 'Trong PHP, hàm nào được sử dụng để kiểm tra xem một file có phải là một file hình ảnh JPEG hay không?', 3, 'TH4309', 43, '101010', 1),
(575, 'Trong PHP, hàm nào được sử dụng để kiểm tra xem một file có phải là một file hình ảnh GIF hay không?', 1, 'TH4309', 43, '101010', 1),
(576, 'Trong PHP, hàm nào được sử dụng để kiểm tra xem một file có phải là một file hình ảnh BMP hay không?', 2, 'TH4309', 43, '101010', 1),
(577, 'Trong PHP, hàm nào được sử dụng để kiểm tra xem một file có phải là một file hình ảnh WebP hay không?', 3, 'TH4309', 43, '101010', 1),
(578, 'Trong PHP, hàm nào được sử dụng để kiểm tra xem một file có phải là một file video MP4 hay không?', 1, 'TH4309', 43, '101010', 1),
(579, 'Trong PHP, hàm nào được sử dụng để kiểm tra xem một file có phải là một file video AVI hay không?', 2, 'TH4309', 43, '101010', 1),
(580, 'Trong PHP, hàm nào được sử dụng để kiểm tra xem một file có phải là một file audio MP3 hay không?', 3, 'TH4309', 43, '101010', 1),
(581, 'Trong PHP, hàm nào được sử dụng để tạo một thư mục mới?', 1, 'TH4309', 43, '101010', 1),
(582, 'Trong PHP, hàm nào được sử dụng để xóa một thư mục rỗng?', 2, 'TH4309', 43, '101010', 1),
(583, 'Trong PHP, hàm nào được sử dụng để xóa một thư mục và tất cả các tập tin và thư mục con bên trong nó?', 3, 'TH4309', 43, '101010', 1),
(584, 'Trong PHP, hàm nào được sử dụng để đổi tên một thư mục?', 1, 'TH4309', 43, '101010', 1),
(585, 'Trong PHP, hàm nào được sử dụng để lấy danh sách tất cả các thư mục con của một thư mục?', 2, 'TH4309', 43, '101010', 1),
(586, 'Trong PHP, hàm nào được sử dụng để lấy danh sách tất cả các tập tin trong một thư mục và thư mục con của nó và trả về dưới dạng một mảng?', 3, 'TH4309', 43, '101010', 1),
(587, 'Trong PHP, hàm nào được sử dụng để kiểm tra xem một file hoặc thư mục có tồn tại hay không?', 1, 'TH4309', 43, '101010', 1),
(588, 'Trong PHP, hàm nào được sử dụng để kiểm tra xem một đường dẫn có phải là một file hay không?', 2, 'TH4309', 43, '101010', 1),
(589, 'Trong PHP, hàm nào được sử dụng để kiểm tra xem một đường dẫn có phải là một thư mục hay không?', 3, 'TH4309', 43, '101010', 1),
(590, 'Trong PHP, hàm nào được sử dụng để lấy thời gian sửa đổi của một file hoặc thư mục?', 1, 'TH4309', 43, '101010', 1),
(591, 'Trong PHP, hàm nào được sử dụng để lấy thời gian truy cập của một file hoặc thư mục?', 2, 'TH4309', 43, '101010', 1),
(653, 'Trong PHP, hàm nào được sử dụng để hiển thị ngày và giờ hiện tại?', 1, 'TH4309', 42, '101010', 1),
(654, 'Trong PHP, hàm nào được sử dụng để lấy giá trị timestamp hiện tại?', 1, 'TH4309', 42, '101010', 1),
(655, 'Trong PHP, hàm nào được sử dụng để chuyển đổi giá trị timestamp thành ngày và giờ trong định dạng chuẩn?', 1, 'TH4309', 42, '101010', 1),
(656, 'Trong PHP, hàm nào được sử dụng để tính toán số giây giữa hai ngày khác nhau?', 1, 'TH4309', 42, '101010', 1),
(657, 'Trong PHP, hàm nào được sử dụng để tính toán số ngày giữa hai ngày khác nhau?', 1, 'TH4309', 42, '101010', 1),
(658, 'Trong PHP, hàm nào được sử dụng để thêm một khoảng thời gian được chỉ định vào ngày được chỉ định?', 1, 'TH4309', 42, '101010', 1),
(659, 'Trong PHP, hàm nào được sử dụng để trừ đi một khoảng thời gian được chỉ định từ ngày được chỉ định?', 1, 'TH4309', 42, '101010', 1),
(660, 'Trong PHP, hàm nào được sử dụng để chuyển đổi một chuỗi ngày thành giá trị timestamp?', 1, 'TH4309', 42, '101010', 1),
(661, 'Trong PHP, hàm nào được sử dụng để hiển thị ngày và giờ theo múi giờ được chỉ định?', 1, 'TH4309', 42, '101010', 1),
(662, 'Trong PHP, hàm nào được sử dụng để chuyển đổi một chuỗi ngày thành định dạng khác?', 1, 'TH4309', 42, '101010', 1),
(663, 'Trong PHP, hàm nào được sử dụng để lấy tên của tháng dưới dạng chuỗi?', 1, 'TH4309', 42, '101010', 1),
(664, 'Trong PHP, hàm nào được sử dụng để lấy tên của ngày trong tuần dưới dạng chuỗi?', 1, 'TH4309', 42, '101010', 1),
(665, 'Trong PHP, hàm nào được sử dụng để lấy số thứ tự của ngày trong tuần?', 1, 'TH4309', 42, '101010', 1),
(666, 'Trong PHP, hàm nào được sử dụng để kiểm tra xem một ngày có hợp lệ hay không?', 1, 'TH4309', 42, '101010', 1),
(667, 'Trong PHP, hàm nào được sử dụng để tạo ra một đối tượng DateTime từ một chuỗi ngày?', 1, 'TH4309', 42, '101010', 1),
(668, 'Trong PHP, hàm nào được sử dụng để tạo ra một đối tượng DateTime từ một giá trị timestamp?', 1, 'TH4309', 42, '101010', 1),
(669, 'Trong PHP, hàm nào được sử dụng để thêm một khoảng thời gian được chỉ định vào một đối tượng DateTime?', 1, 'TH4309', 42, '101010', 1),
(670, 'Trong PHP, hàm nào được sử dụng để trừ đi một khoảng thời gian được chỉ định từ một đối tượng DateTime?', 1, 'TH4309', 42, '101010', 1),
(671, 'Trong PHP, hàm nào được sử dụng để lấy giá trị của một thuộc tính của đối tượng DateTime?', 1, 'TH4309', 42, '101010', 1),
(672, 'Trong PHP, hàm nào được sử dụng để so sánh hai đối tượng DateTime?', 1, 'TH4309', 42, '101010', 1),
(673, 'Trong PHP, hàm nào được sử dụng để chuyển đổi một đối tượng DateTime thành một chuỗi ngày và giờ trong định dạng chuẩn?', 2, 'TH4309', 42, '101010', 1),
(674, 'Trong PHP, hàm nào được sử dụng để chuyển đổi một đối tượng DateTime thành một chuỗi ngày và giờ trong định dạng khác?', 2, 'TH4309', 42, '101010', 1),
(675, 'Trong PHP, hàm nào được sử dụng để tạo ra một đối tượng DateTimeZone?', 2, 'TH4309', 42, '101010', 1),
(676, 'Trong PHP, hàm nào được sử dụng để thiết lập múi giờ của một đối tượng DateTime?', 2, 'TH4309', 42, '101010', 1),
(677, 'Trong PHP, hàm nào được sử dụng để lấy danh sách các múi giờ được hỗ trợ?', 2, 'TH4309', 42, '101010', 1),
(678, 'Trong PHP, hàm nào được sử dụng để chuyển đổi một đối tượng DateTime từ múi giờ hiện tại sang một múi giờ khác?', 2, 'TH4309', 42, '101010', 1),
(679, 'Trong PHP, hàm nào được sử dụng để tạo ra một đối tượng DateInterval từ một chuỗi khoảng thời gian?', 2, 'TH4309', 42, '101010', 1),
(680, 'Trong PHP, hàm nào được sử dụng để tính toán khoảng cách giữa hai thời điểm trong đơn vị được chỉ định?', 2, 'TH4309', 42, '101010', 1),
(681, 'Trong PHP, hàm nào được sử dụng để tính toán khoảng cách giữa hai thời điểm trong đơn vị giây?', 2, 'TH4309', 42, '101010', 1),
(682, 'Trong PHP, hàm nào được sử dụng để tính toán khoảng cách giữa hai thời điểm trong đơn vị phút?', 2, 'TH4309', 42, '101010', 1),
(683, 'Trong PHP, hàm nào được sử dụng để tính toán khoảng cách giữa hai thời điểm trong đơn vị giờ?', 2, 'TH4309', 42, '101010', 1),
(684, 'Trong PHP, hàm nào được sử dụng để tính toán khoảng cách giữa hai thời điểm trong đơn vị ngày?', 2, 'TH4309', 42, '101010', 1),
(685, 'Trong PHP, hàm nào được sử dụng để tính toán khoảng cách giữa hai thời điểm trong đơn vị năm?', 2, 'TH4309', 42, '101010', 1),
(686, 'Trong PHP, hàm nào được sử dụng để tạo ra một đối tượng DateTime bằng cách kết hợp một ngày và một giờ cụ thể?', 2, 'TH4309', 42, '101010', 1),
(687, 'Trong PHP, hàm nào được sử dụng để tạo ra một đối tượng DateTime từ timestamp?', 2, 'TH4309', 42, '101010', 1),
(688, 'Trong PHP, hàm nào được sử dụng để kiểm tra xem một ngày có phải là ngày cuối cùng của tháng hay không?', 2, 'TH4309', 42, '101010', 1),
(689, 'Trong PHP, hàm nào được sử dụng để lấy số tuần của một ngày trong năm?', 2, 'TH4309', 42, '101010', 1),
(690, 'Trong PHP, hàm nào được sử dụng để lấy số tuần của một ngày trong tháng?', 2, 'TH4309', 42, '101010', 1),
(691, 'Trong PHP, hàm nào được sử dụng để lấy số tuần của một ngày trong tuần?', 2, 'TH4309', 42, '101010', 1),
(692, 'Trong PHP, hàm nào được sử dụng để tạo ra một chuỗi ngày tháng trong định dạng chuẩn từ một đối tượng DateTime?', 2, 'TH4309', 42, '101010', 1),
(693, 'Trong PHP, hàm nào được sử dụng để tạo ra một chuỗi ngày tháng trong định dạng khác từ một đối tượng DateTime?', 3, 'TH4309', 42, '101010', 1),
(694, 'Trong PHP, hàm nào được sử dụng để lấy tên của tháng trong chuỗi?', 3, 'TH4309', 42, '101010', 1),
(695, 'Trong PHP, hàm nào được sử dụng để lấy số thứ tự của tháng trong năm?', 3, 'TH4309', 42, '101010', 1),
(696, 'Trong PHP, hàm nào được sử dụng để lấy tên của ngày trong chuỗi?', 3, 'TH4309', 42, '101010', 1),
(697, 'Trong PHP, hàm nào được sử dụng để lấy số thứ tự của ngày trong tuần?', 3, 'TH4309', 42, '101010', 1),
(698, 'Trong PHP, hàm nào được sử dụng để tạo ra một đối tượng DatePeriod, đại diện cho một khoảng thời gian được xác định bởi hai thời điểm và một đơn vị thời gian?', 3, 'TH4309', 42, '101010', 1),
(699, 'Trong PHP, hàm nào được sử dụng để lấy danh sách các ngày trong một khoảng thời gian được xác định bởi hai thời điểm và một đơn vị thời gian?', 3, 'TH4309', 42, '101010', 1),
(700, 'Trong PHP, hàm nào được sử dụng để tạo ra một chuỗi ngày tháng ngẫu nhiên trong một khoảng thời gian được xác định?', 3, 'TH4309', 42, '101010', 1),
(701, 'Trong PHP, hàm nào được sử dụng để kiểm tra xem một chuỗi có phải là định dạng ngày tháng hợp lệ hay không?', 3, 'TH4309', 42, '101010', 1),
(702, 'Trong PHP, hàm nào được sử dụng để chuyển đổi một chuỗi ngày tháng từ một định dạng sang định dạng khác?', 3, 'TH4309', 42, '101010', 1),
(703, 'Trong PHP, hàm nào được sử dụng để kiểm tra xem một ngày có nằm trong tuần lễ hay không?', 3, 'TH4309', 42, '101010', 1),
(704, 'Trong PHP, hàm nào được sử dụng để lấy số giờ giữa hai thời điểm?', 3, 'TH4309', 42, '101010', 1),
(705, 'Trong PHP, hàm nào được sử dụng để lấy số phút giữa hai thời điểm?', 3, 'TH4309', 42, '101010', 1),
(706, 'Trong PHP, hàm nào được sử dụng để lấy số giây giữa hai thời điểm?', 3, 'TH4309', 42, '101010', 1),
(707, 'Trong PHP, hàm nào được sử dụng để lấy số ngày giữa hai thời điểm?', 3, 'TH4309', 42, '101010', 1),
(708, 'Trong PHP, hàm nào được sử dụng để lấy số tuần giữa hai thời điểm?', 3, 'TH4309', 42, '101010', 1),
(709, 'Trong PHP, hàm nào được sử dụng để lấy số tháng giữa hai thời điểm?', 3, 'TH4309', 42, '101010', 1),
(710, 'Trong PHP, hàm nào được sử dụng để lấy số năm giữa hai thời điểm?', 3, 'TH4309', 42, '101010', 1),
(711, 'Trong PHP, hàm nào được sử dụng để tính toán thời gian hết hạn của một phiên làm việc dựa trên thời gian hiện tại và thời gian sống của phiên làm việc?', 3, 'TH4309', 42, '101010', 1),
(712, 'Trong PHP, hàm nào được sử dụng để chuyển đổi một chuỗi thời gian từ múi giờ hiện tại sang múi giờ khác?', 3, 'TH4309', 42, '101010', 1),
(713, 'Trong PHP, hàm nào được sử dụng để lấy tên của múi giờ hiện tại?', 3, 'TH4309', 42, '101010', 1),
(714, 'Trong PHP, hàm nào dùng để kiểm tra một biến có tồn tại và có giá trị khác NULL hay không?', 3, 'TH4309', 36, '101010', 1),
(715, 'Trong PHP, hàm nào dùng để kiểm tra một biến có tồn tại và có giá trị rỗng hay không?', 1, 'TH4309', 36, '101010', 1),
(716, 'Trong PHP, hàm nào dùng để kiểm tra một biến có phải là kiểu NULL hay không?', 1, 'TH4309', 36, '101010', 1),
(717, 'Trong PHP, hàm nào dùng để kiểm tra một biến có phải là kiểu boolean hay không?', 2, 'TH4309', 36, '101010', 1),
(718, 'Trong PHP, hàm nào dùng để kiểm tra một biến có phải là kiểu số nguyên hay không?', 2, 'TH4309', 36, '101010', 1),
(719, 'Trong PHP, hàm nào dùng để kiểm tra một biến có phải là kiểu số thực hay không?', 3, 'TH4309', 36, '101010', 1),
(720, 'Trong PHP, hàm nào dùng để kiểm tra một biến có phải là kiểu chuỗi hay không?', 3, 'TH4309', 36, '101010', 1),
(721, 'Dạng type nào sẽ được tự động dịch khi gán biến này $var = 50.0', 1, 'TH4309', 36, '101010', 1),
(722, 'Khi bạn muốn biến đổi dạng type thành integer, câu lệnh nào sau đây đúng?', 3, 'TH4309', 36, '101010', 1),
(723, 'Type boolean trả cho ta giá trị gì?', 3, 'TH4309', 36, '101010', 1),
(724, 'PHP không hỗ trợ dạng type nào', 1, 'TH4309', 36, '101010', 1),
(725, 'Dạng type nào dùng cho chuỗi?', 1, 'TH4309', 36, '101010', 1),
(726, 'Tên biến nào sau đây là hợp lệ', 2, 'TH4309', 36, '101010', 1),
(727, 'Câu lệnh nào lưu trữ giá trị 111 trong biến num?', 2, 'TH4309', 36, '101010', 1),
(728, 'Khi thực thi biến này $Var3 = $var1 % $var2, dạng type của nó là', 2, 'TH4309', 36, '101010', 1),
(729, 'PHP là ngôn ngữ lập trình nào sau đây?', 1, 'TH4309', 35, '101010', 1),
(730, 'Đâu là cách khai báo một biến trong PHP?', 1, 'TH4309', 35, '101010', 1),
(731, 'Cú pháp nào dưới đây đúng để khai báo một hằng số trong PHP?', 1, 'TH4309', 35, '101010', 1),
(732, 'Thẻ nào sau đây là mở đầu của một đoạn mã PHP?', 1, 'TH4309', 35, '101010', 1),
(733, 'Thẻ nào sau đây là kết thúc của một đoạn mã PHP?', 1, 'TH4309', 35, '101010', 1),
(734, 'Hàm nào sau đây dùng để in giá trị của một biến trong PHP?', 1, 'TH4309', 35, '101010', 1),
(735, 'Đâu là phiên bản PHP đầu tiên hỗ trợ lập trình hướng đối tượng (OOP)?', 2, 'TH4309', 35, '101010', 1),
(736, 'Hàm nào sau đây không phải là một hàm có sẵn trong PHP?', 2, 'TH4309', 35, '101010', 1),
(737, 'Đâu là cách thức đúng để nhúng mã PHP vào trong một tệp HTML?', 2, 'TH4309', 35, '101010', 1),
(738, 'Đâu là cách đúng để nhận giá trị của một tham số truyền qua phương thức GET trong PHP?', 2, 'TH4309', 35, '101010', 1),
(739, 'Hàm nào sau đây không phải là một hàm có sẵn trong PHP để kiểm tra kiểu dữ liệu của một biến?', 3, 'TH4309', 35, '101010', 1),
(740, 'Đâu là phiên bản PHP được phát hành năm 2004?', 3, 'TH4309', 35, '101010', 1),
(741, 'Trong PHP, hàm &quot;die()&quot; có chức năng gì?', 3, 'TH4309', 35, '101010', 1),
(742, 'Hàm nào sau đây không phải là một hàm có sẵn trong PHP để kiểm tra kiểu dữ liệu của một biến?', 3, 'TH4309', 35, '101010', 1),
(743, 'Đâu là cách thức đúng để nhúng mã PHP vào trong một tệp HTML?', 3, 'TH4309', 35, '101010', 1),
(744, 'Hàm nào sau đây không được sử dụng để gỡ lỗi trong PHP?', 3, 'TH4309', 35, '101010', 1),
(745, 'Đâu là cách đúng để nhận giá trị của một tham số truyền qua phương thức POST trong PHP?', 3, 'TH4309', 35, '101010', 1),
(746, 'Đâu là cách thức đúng để sử dụng một biến toàn cục trong một hàm trong PHP?', 2, 'TH4309', 35, '101010', 1),
(747, 'Đâu là tên của biến môi trường trong PHP dùng để lưu trữ thông tin về phiên bản PHP đang chạy?', 2, 'TH4309', 35, '101010', 1),
(748, 'Hàm nào dùng để lấy giá trị của một hằng số trong PHP?', 2, 'TH4309', 35, '101010', 1),
(749, 'Đâu là cách đúng để khai báo một biến kiểu boolean trong PHP?', 2, 'TH4309', 35, '101010', 1),
(750, 'Trong PHP, toán tử nào sau đây dùng để nối chuỗi?', 1, 'TH4309', 35, '101010', 1),
(751, 'Đâu là cách đúng để gán giá trị cho một mảng trong PHP?', 1, 'TH4309', 35, '101010', 1),
(752, 'Hàm nào sau đây dùng để đếm số phần tử của một mảng trong PHP?', 1, 'TH4309', 35, '101010', 1),
(753, 'Đâu là cách đúng để khai báo một biến kiểu float trong PHP?', 2, 'TH4309', 35, '101010', 1),
(754, 'Đâu là cách thức đúng để nhúng mã PHP vào trong một tệp CSS?', 2, 'TH4309', 35, '101010', 1),
(755, 'Đâu là hàm PHP dùng để kiểm tra một chuỗi có chứa một chuỗi khác hay không?', 3, 'TH4309', 35, '101010', 1),
(756, 'Hàm nào sau đây không được sử dụng để xử lý chuỗi trong PHP?', 3, 'TH4309', 35, '101010', 1),
(757, 'Đâu là cách đúng để xóa khoảng trắng ở đầu và cuối một chuỗi trong PHP?', 3, 'TH4309', 35, '101010', 1),
(758, 'Hàm nào sau đây không phải là một hàm có sẵn trong PHP để xử lý mảng?', 3, 'TH4309', 35, '101010', 1),
(759, 'Đâu là cách thức đúng để gửi dữ liệu từ một biểu mẫu HTML đến tệp PHP xử lý bằng phương thức POST?', 2, 'TH4309', 35, '101010', 1),
(760, 'Trong PHP, hàm nào sau đây dùng để mã hóa mật khẩu?', 2, 'TH4309', 35, '101010', 1),
(761, 'Hàm nào sau đây dùng để lấy thời gian hiện tại trong PHP?', 1, 'TH4309', 35, '101010', 1),
(762, 'Trong PHP, hàm nào sau đây dùng để chuyển đổi một chuỗi sang dạng số nguyên?', 1, 'TH4309', 35, '101010', 1),
(763, 'Hàm nào sau đây dùng để kiểm tra một biến có phải là số nguyên hay không?', 1, 'TH4309', 35, '101010', 1),
(764, 'Đâu là cách đúng để bắt đầu một phiên làm việc (session) trong PHP?', 2, 'TH4309', 35, '101010', 1),
(765, 'Trong PHP, hàm nào sau đây dùng để chuyển hướng người dùng đến một trang web khác?', 2, 'TH4309', 35, '101010', 1),
(766, 'Đâu là cách đúng để kiểm tra một biến có tồn tại hay không trong PHP?', 2, 'TH4309', 35, '101010', 1),
(767, 'Hàm nào sau đây dùng để lấy tên miền của một URL trong PHP?', 3, 'TH4309', 35, '101010', 1),
(768, 'Đâu là cách đúng để định nghĩa một hàm trong PHP?', 3, 'TH4309', 35, '101010', 1),
(769, 'Hàm nào sau đây dùng để đọc nội dung của một tệp trong PHP?', 3, 'TH4309', 35, '101010', 1),
(770, 'Trong PHP, đâu là cách đúng để thiết lập vùng thời gian mặc định cho các hàm liên quan đến ngày và giờ?', 3, 'TH4309', 35, '101010', 1),
(771, 'Trong PHP, từ khóa nào dùng để bắt đầu một cấu trúc if?', 1, 'TH4309', 37, '101010', 1),
(772, 'Trong PHP, từ khóa nào dùng để bắt đầu một cấu trúc switch?', 1, 'TH4309', 37, '101010', 1),
(773, 'Trong PHP, từ khóa nào dùng để bắt đầu một vòng lặp while?', 1, 'TH4309', 37, '101010', 1),
(774, 'Trong PHP, từ khóa nào dùng để bắt đầu một vòng lặp do-while?', 2, 'TH4309', 37, '101010', 1),
(775, 'Trong PHP, từ khóa nào dùng để bắt đầu một vòng lặp for?', 2, 'TH4309', 37, '101010', 1),
(776, 'Trong PHP, từ khóa nào dùng để bắt đầu một vòng lặp foreach?', 2, 'TH4309', 37, '101010', 1),
(777, 'Trong PHP, từ khóa nào dùng để ngắt một vòng lặp?', 3, 'TH4309', 37, '101010', 1),
(778, 'Trong PHP, từ khóa nào dùng để bỏ qua một lần lặp và tiếp tục vòng lặp tiếp theo?', 3, 'TH4309', 37, '101010', 1),
(779, 'Trong PHP, từ khóa nào dùng để xử lý điều kiện nếu không thỏa mãn điều kiện if?', 1, 'TH4309', 37, '101010', 1),
(780, 'Trong PHP, từ khóa nào dùng để xử lý nhiều điều kiện trong một câu lệnh if?', 2, 'TH4309', 37, '101010', 1),
(781, 'Trong PHP, từ khóa nào dùng để xác định một trường hợp cụ thể trong một cấu trúc switch?', 2, 'TH4309', 37, '101010', 1),
(782, 'Trong PHP, từ khóa nào dùng để xử lý trường hợp mặc định trong một cấu trúc switch?', 3, 'TH4309', 37, '101010', 1),
(783, 'Trong PHP, từ khóa nào dùng để kết thúc một câu lệnh điều khiển (if, switch, for, while, do-while, foreach)?', 1, 'TH4309', 37, '101010', 1),
(784, 'Trong PHP, từ khóa nào dùng để kết hợp các điều kiện trong một câu lệnh if với điều kiện &quot;và&quot;?', 2, 'TH4309', 37, '101010', 1),
(785, 'Trong PHP, từ khóa nào dùng để kết hợp các điều kiện trong một câu lệnh if với điều kiện &quot;hoặc&quot;?', 2, 'TH4309', 37, '101010', 1),
(786, 'Trong PHP, từ khóa nào dùng để đảo ngược kết quả của một điều kiện?', 3, 'TH4309', 37, '101010', 1),
(787, 'Trong PHP, vòng lặp nào sẽ tiếp tục chạy cho đến khi điều kiện không còn đúng nữa?', 1, 'TH4309', 38, '101010', 1),
(788, 'Trong PHP, vòng lặp nào sẽ chạy ít nhất một lần, sau đó kiểm tra điều kiện để tiếp tục lặp lại?', 1, 'TH4309', 38, '101010', 1),
(789, 'Trong PHP, vòng lặp nào thường dùng để lặp một số lần xác định trước?', 1, 'TH4309', 38, '101010', 1),
(790, 'Trong PHP, vòng lặp nào dùng để lặp qua các phần tử của một mảng?', 2, 'TH4309', 38, '101010', 1),
(791, 'Trong PHP, từ khóa nào dùng để chỉ ra giá trị của mỗi phần tử trong mảng khi sử dụng vòng lặp foreach?', 2, 'TH4309', 38, '101010', 1),
(792, 'Trong PHP, hàm nào dùng để đếm số phần tử trong mảng, thường dùng để định nghĩa điều kiện trong vòng lặp for?', 2, 'TH4309', 38, '101010', 1),
(793, 'Trong PHP, từ khóa nào dùng để tăng một biến số đếm trong vòng lặp?', 1, 'TH4309', 38, '101010', 1),
(794, 'Trong PHP, từ khóa nào dùng để giảm một biến số đếm trong vòng lặp?', 2, 'TH4309', 38, '101010', 1),
(795, 'Trong PHP, làm thế nào để lặp qua mảng kết hợp (associative array) bằng vòng lặp foreach?', 3, 'TH4309', 38, '101010', 1),
(796, 'Trong PHP, làm thế nào để ngắt vòng lặp for sớm khi thỏa mãn một điều kiện nhất định?', 1, 'TH4309', 38, '101010', 1),
(797, 'Trong PHP, làm thế nào để bỏ qua một lần lặp trong vòng lặp for và tiếp tục lần lặp tiếp theo?', 2, 'TH4309', 38, '101010', 1),
(798, 'Trong PHP, làm thế nào để lặp qua một mảng nhiều chiều (multidimensional array) bằng vòng lặp foreach?', 3, 'TH4309', 38, '101010', 1),
(799, 'Trong PHP, làm thế nào để lặp qua một mảng có số lượng phần tử không xác định trước bằng vòng lặp for?', 3, 'TH4309', 38, '101010', 1),
(800, 'Trong PHP, hàm nào dùng để lấy giá trị của một phần tử trong mảng theo key?', 2, 'TH4309', 38, '101010', 1),
(801, 'Trong PHP, để lặp qua một mảng số, bạn có thể dùng vòng lặp nào sau đây?', 1, 'TH4309', 38, '101010', 1),
(802, 'Trong PHP, làm thế nào để lặp qua một mảng và xử lý từng phần tử với một hàm nào đó?', 3, 'TH4309', 38, '101010', 1),
(803, 'Trong PHP, nếu muốn ngắt vòng lặp while sớm khi thỏa mãn một điều kiện nhất định, bạn dùng từ khóa nào?', 1, 'TH4309', 38, '101010', 1),
(804, 'Trong PHP, từ khóa nào dùng để bỏ qua một lần lặp trong vòng lặp while và tiếp tục lần lặp tiếp theo?', 2, 'TH4309', 38, '101010', 1),
(805, 'Trong PHP, làm thế nào để lặp qua một mảng có key không liên tục bằng vòng lặp for?', 3, 'TH4309', 38, '101010', 1),
(806, 'Trong PHP, để tạo một vòng lặp vô hạn, bạn sử dụng cú pháp nào sau đây?', 1, 'TH4309', 38, '101010', 1),
(807, 'Trong PHP, làm thế nào để lặp qua một mảng có key dạng chuỗi (string) bằng vòng lặp for?', 2, 'TH4309', 38, '101010', 1),
(808, 'Trong PHP, làm thế nào để lặp qua một mảng và chỉ xử lý những phần tử thỏa mãn một điều kiện nào đó?', 3, 'TH4309', 38, '101010', 1),
(809, 'Trong PHP, để lặp qua một mảng và cập nhật giá trị của từng phần tử, bạn nên dùng vòng lặp nào?', 1, 'TH4309', 38, '101010', 1),
(810, 'Trong PHP, vòng lặp nào sau đây không thể dùng để lặp qua mảng số (indexed array)?', 2, 'TH4309', 38, '101010', 1),
(811, 'Trong PHP, làm thế nào để lặp qua mảng kết hợp (associative array) và chỉ lấy giá trị của từng phần tử?', 3, 'TH4309', 38, '101010', 1),
(812, 'Trong PHP, mảng nào sau đây là mảng số (indexed array)?', 1, 'TH4309', 39, '101010', 1),
(813, 'Trong PHP, mảng nào sau đây là mảng kết hợp (associative array)?', 2, 'TH4309', 39, '101010', 1),
(814, 'Trong PHP, làm thế nào để tạo một mảng hai chiều (2D array)?', 3, 'TH4309', 39, '101010', 1),
(815, 'Trong PHP, hàm nào dùng để đếm số lượng phần tử trong mảng?', 1, 'TH4309', 39, '101010', 1),
(816, 'Trong PHP, hàm nào dùng để kiểm tra một biến có phải là mảng hay không?', 2, 'TH4309', 39, '101010', 1),
(817, 'Trong PHP, hàm nào dùng để kiểm tra một mảng có phải là mảng số (indexed array) hay không?', 3, 'TH4309', 39, '101010', 1),
(818, 'Trong PHP, hàm nào dùng để thêm một phần tử vào cuối mảng?', 1, 'TH4309', 39, '101010', 1),
(819, 'Trong PHP, hàm nào dùng để thêm một phần tử vào đầu mảng?', 2, 'TH4309', 39, '101010', 1),
(820, 'Trong PHP, hàm nào dùng để loại bỏ phần tử đầu tiên của mảng và trả về giá trị của phần tử đó?', 3, 'TH4309', 39, '101010', 1),
(821, 'Trong PHP, hàm nào dùng để loại bỏ phần tử cuối cùng của mảng và trả về giá trị của phần tử đó?', 1, 'TH4309', 39, '101010', 1),
(822, 'Trong PHP, hàm nào dùng để kiểm tra xem một phần tử có tồn tại trong mảng hay không?', 2, 'TH4309', 39, '101010', 1),
(823, 'Trong PHP, hàm nào dùng để tìm vị trí đầu tiên của một phần tử trong mảng?', 3, 'TH4309', 39, '101010', 1),
(824, 'Trong PHP, hàm nào dùng để sắp xếp các phần tử của mảng theo thứ tự tăng dần?', 1, 'TH4309', 39, '101010', 1),
(825, 'Trong PHP, hàm nào dùng để sắp xếp các phần tử của mảng kết hợp (associative array) theo giá trị?', 2, 'TH4309', 39, '101010', 1),
(826, 'Trong PHP, hàm nào dùng để sắp xếp các phần tử của mảng kết hợp (associative array) theo key?', 3, 'TH4309', 39, '101010', 1),
(827, 'Trong PHP, hàm nào dùng để hợp nhất hai mảng lại với nhau?', 1, 'TH4309', 39, '101010', 1),
(828, 'Trong PHP, hàm nào dùng để tạo một mảng mới từ hai mảng đã cho, trong đó một mảng là key và một mảng là value?', 2, 'TH4309', 39, '101010', 1),
(829, 'Trong PHP, hàm nào dùng để lọc các phần tử của mảng dựa trên một hàm kiểm tra điều kiện nào đó?', 3, 'TH4309', 39, '101010', 1),
(830, 'Trong PHP, hàm nào dùng để áp dụng một hàm nào đó lên từng phần tử của mảng và trả về một mảng mới?', 1, 'TH4309', 39, '101010', 1),
(831, 'Trong PHP, hàm nào dùng để kiểm tra xem một mảng có phải là mảng kết hợp (associative array) hay không?', 2, 'TH4309', 39, '101010', 1),
(832, 'Trong PHP, hàm nào dùng để kiểm tra xem một mảng có phải là mảng đa chiều (multidimensional array) hay không?', 3, 'TH4309', 39, '101010', 1),
(833, 'Trong PHP, hàm nào dùng để tách một mảng thành các mảng con dựa trên số lượng phần tử đã cho?', 1, 'TH4309', 39, '101010', 1),
(834, 'Trong PHP, hàm nào dùng để trích xuất một phần của mảng dựa trên vị trí bắt đầu và số lượng phần tử?', 2, 'TH4309', 39, '101010', 1),
(835, 'Trong PHP, hàm nào dùng để trả về mảng kết quả từ việc lặp qua mảng đầu vào và tích lũy giá trị của từng phần tử dựa trên một hàm tính toán nào đó?', 3, 'TH4309', 39, '101010', 1),
(836, 'Trong PHP, hàm nào dùng để loại bỏ các phần tử trùng lặp trong một mảng?', 1, 'TH4309', 39, '101010', 1),
(837, 'Trong PHP, hàm nào dùng để tính toán giao (intersection) của hai mảng, trả về một mảng chứa các phần tử xuất hiện trong cả hai mảng đầu vào?', 2, 'TH4309', 39, '101010', 1),
(838, 'Trong PHP, hàm nào dùng để tính toán hợp (union) của hai mảng, trả về một mảng chứa tất cả các phần tử của hai mảng đầu vào?', 3, 'TH4309', 39, '101010', 1),
(839, 'Trong PHP, hàm nào dùng để đảo ngược thứ tự các phần tử của một mảng?', 1, 'TH4309', 39, '101010', 1),
(840, 'Trong PHP, hàm nào dùng để đổi chỗ key và value của một mảng kết hợp (associative array)?', 2, 'TH4309', 39, '101010', 1),
(841, 'Trong PHP, hàm nào dùng để trích xuất một danh sách các key từ một mảng kết hợp (associative array)?', 3, 'TH4309', 39, '101010', 1),
(842, 'Trong PHP, hàm nào dùng để trích xuất một danh sách các value từ một mảng kết hợp (associative array)?', 1, 'TH4309', 39, '101010', 1),
(843, 'Trong PHP, hàm nào dùng để tìm giá trị lớn nhất trong một mảng?', 2, 'TH4309', 39, '101010', 1),
(844, 'Trong PHP, hàm nào dùng để tìm giá trị nhỏ nhất trong một mảng?', 3, 'TH4309', 39, '101010', 1),
(845, 'Trong PHP, hàm nào dùng để đếm số lượng phần tử của một mảng?', 1, 'TH4309', 39, '101010', 1),
(846, 'Trong PHP, hàm nào dùng để tìm phần tử xuất hiện nhiều lần nhất trong một mảng?', 2, 'TH4309', 39, '101010', 1),
(847, 'Trong PHP, hàm nào dùng để lấy ra một số lượng ngẫu nhiên các phần tử từ một mảng?', 3, 'TH4309', 39, '101010', 1),
(848, 'Trong PHP, hàm nào dùng để xáo trộn thứ tự các phần tử trong một mảng?', 1, 'TH4309', 39, '101010', 1),
(849, 'Hàm trong PHP là gì?', 1, 'TH4309', 40, '101010', 1),
(850, 'Cách khai báo hàm trong PHP là gì?', 1, 'TH4309', 40, '101010', 1),
(851, 'Hàm trong PHP có thể nhận bao nhiêu đối số?', 1, 'TH4309', 40, '101010', 1),
(852, 'Trong PHP, cách trả về giá trị từ một hàm là gì?', 1, 'TH4309', 40, '101010', 1),
(853, 'Trong PHP, cách gọi một hàm là gì?', 1, 'TH4309', 40, '101010', 1),
(854, 'Trong PHP, cách kiểm tra xem một hàm có tồn tại hay không là gì?', 1, 'TH4309', 40, '101010', 1),
(855, 'Trong PHP, cách kiểm tra xem một hàm có được định nghĩa hay không là gì?', 1, 'TH4309', 40, '101010', 1),
(856, 'Trong PHP, cách định nghĩa các tham số mặc định cho một hàm là gì?', 1, 'TH4309', 40, '101010', 1),
(857, 'Trong PHP, cách sử dụng hàm có tham số biến là gì?', 1, 'TH4309', 40, '101010', 1),
(858, 'Trong PHP, hàm nào được sử dụng để thực hiện việc tính toán độ dài của một chuỗi?A. strlen()', 2, 'TH4309', 40, '101010', 1),
(859, 'Trong PHP, hàm nào được sử dụng để thực hiện việc tạo ra một chuỗi ngẫu nhiên có độ dài chỉ định?', 2, 'TH4309', 40, '101010', 1),
(860, 'Trong PHP, hàm nào được sử dụng để thực hiện việc cắt chuỗi thành một chuỗi con với độ dài chỉ định?', 2, 'TH4309', 40, '101010', 1),
(861, 'Trong PHP, hàm nào được sử dụng để thay thế tất cả các khoảng trắng trong chuỗi bằng dấu gạch ngang (-)?', 2, 'TH4309', 40, '101010', 1),
(862, 'Trong PHP, hàm nào được sử dụng để thực hiện việc chuyển đổi một chuỗi thành chữ hoa?', 2, 'TH4309', 40, '101010', 1),
(863, 'Trong PHP, hàm nào được sử dụng để giải mã một chuỗi URL an toàn thành chuỗi ban đầu?', 3, 'TH4309', 40, '101010', 1),
(864, 'Trong PHP, hàm nào được sử dụng để thực hiện việc mã hóa một chuỗi thành chuỗi URL an toàn cho việc sử dụng?', 3, 'TH4309', 40, '101010', 1),
(865, 'Trong PHP, hàm nào được sử dụng để loại bỏ tất cả các thẻ HTML khỏi chuỗi ban đầu?', 3, 'TH4309', 40, '101010', 1),
(866, 'Trong PHP, hàm nào được sử dụng để thực hiện việc mã hóa một chuỗi thành chuỗi HTML entities?', 3, 'TH4309', 40, '101010', 1),
(867, 'Trong PHP, hàm nào được sử dụng để thực hiện việc giải mã chuỗi HTML entities thành chuỗi ban đầu?', 3, 'TH4309', 40, '101010', 1),
(868, 'Trong PHP, hàm nào được sử dụng để lấy chiều dài của một chuỗi?', 1, 'TH4309', 41, '101010', 1),
(869, 'Trong PHP, hàm nào được sử dụng để chuyển đổi một chuỗi thành chữ hoa?', 1, 'TH4309', 41, '101010', 1),
(870, 'Trong PHP, hàm nào được sử dụng để chuyển đổi một chuỗi thành chữ thường?', 1, 'TH4309', 41, '101010', 1),
(871, 'Trong PHP, hàm nào được sử dụng để cắt một chuỗi thành một mảng con dựa trên một ký tự phân tách?', 1, 'TH4309', 41, '101010', 1),
(872, 'Trong PHP, hàm nào được sử dụng để nối các chuỗi lại với nhau?', 2, 'TH4309', 41, '101010', 1),
(873, 'Trong PHP, hàm nào được sử dụng để lấy một chuỗi con từ một chuỗi ban đầu?', 2, 'TH4309', 41, '101010', 1),
(874, 'Trong PHP, hàm nào được sử dụng để loại bỏ khoảng trắng và ký tự xuống dòng ở đầu và cuối chuỗi?', 2, 'TH4309', 41, '101010', 1),
(875, 'Trong PHP, hàm nào được sử dụng để tìm kiếm một chuỗi con trong chuỗi ban đầu và trả về vị trí đầu tiên của chuỗi con đó?', 2, 'TH4309', 41, '101010', 1),
(876, 'Trong PHP, hàm nào được sử dụng để thay thế tất cả các xuất hiện của một chuỗi con trong chuỗi ban đầu bằng một chuỗi khác?', 2, 'TH4309', 41, '101010', 1),
(877, 'Trong PHP, hàm nào được sử dụng để chuyển đổi một chuỗi thành chuỗi URL hợp lệ?', 3, 'TH4309', 41, '101010', 1),
(878, 'Trong PHP, hàm nào được sử dụng để chuyển đổi một chuỗi URL hợp lệ thành chuỗi thường?', 3, 'TH4309', 41, '101010', 1),
(879, 'Trong PHP, hàm nào được sử dụng để mã hóa một chuỗi bằng thuật toán MD5?', 3, 'TH4309', 41, '101010', 1),
(880, 'Trong PHP, hàm nào được sử dụng để mã hóa một chuỗi bằng thuật toán SHA1?', 3, 'TH4309', 41, '101010', 1),
(881, 'Trong PHP, hàm nào được sử dụng để mã hóa một chuỗi bằng thuật toán SHA256?', 3, 'TH4309', 41, '101010', 1),
(882, 'Trong PHP, hàm nào được sử dụng để mã hóa một chuỗi bằng thuật toán bcrypt?', 3, 'TH4309', 41, '101010', 1),
(883, 'Trong PHP, hàm nào được sử dụng để kiểm tra xem một chuỗi có bắt đầu bằng một chuỗi khác hay không?', 3, 'TH4309', 41, '101010', 1),
(884, 'Trong PHP, hàm nào được sử dụng để kiểm tra xem một chuỗi có kết thúc bằng một chuỗi khác hay không?', 3, 'TH4309', 41, '101010', 1),
(885, 'Trong PHP, hàm nào được sử dụng để tạo ra một chuỗi ngẫu nhiên với độ dài cho trước?', 3, 'TH4309', 41, '101010', 1),
(886, 'Trong PHP, hàm nào được sử dụng để chuyển đổi một chuỗi thành một số nguyên?', 3, 'TH4309', 41, '101010', 1),
(887, 'Trong PHP, hàm nào được sử dụng để chuyển đổi một số nguyên thành một chuỗi?', 3, 'TH4309', 41, '101010', 1),
(888, 'Trong PHP, hàm nào được sử dụng để thực hiện việc định dạng một chuỗi theo một kiểu được xác định trước?', 2, 'TH4309', 41, '101010', 1),
(889, 'Trong PHP, hàm nào được sử dụng để kiểm tra xem một chuỗi có tồn tại trong một chuỗi khác hay không?', 2, 'TH4309', 41, '101010', 1),
(890, 'Trong PHP, hàm nào được sử dụng để thay thế một chuỗi con chỉ ở vị trí đầu tiên của chuỗi ban đầu bằng một chuỗi khác?', 2, 'TH4309', 41, '101010', 1),
(891, 'Trong PHP, hàm nào được sử dụng để đảo ngược thứ tự các ký tự trong một chuỗi?', 2, 'TH4309', 41, '101010', 1),
(892, 'Trong PHP, hàm nào được sử dụng để lấy một chuỗi mới chỉ chứa các ký tự số từ chuỗi ban đầu?', 2, 'TH4309', 41, '101010', 1),
(893, 'Trong PHP, hàm nào được sử dụng để lấy một chuỗi mới chỉ chứa các ký tự chữ cái từ chuỗi ban đầu?', 2, 'TH4309', 41, '101010', 1),
(894, 'Trong PHP, hàm nào được sử dụng để lấy một chuỗi mới chỉ chứa các ký tự chữ cái và số từ chuỗi ban đầu?', 2, 'TH4309', 41, '101010', 1),
(895, 'Trong PHP, hàm nào được sử dụng để loại bỏ tất cả các ký tự không phải chữ cái và số khỏi chuỗi ban đầu?', 2, 'TH4309', 41, '101010', 1),
(896, 'Trong PHP, hàm nào được sử dụng để thực hiện việc đếm số từ trong một chuỗi?', 2, 'TH4309', 41, '101010', 1),
(897, 'Trong PHP, hàm nào được sử dụng để chuyển đổi một chuỗi thành dạng tiền tệ?', 3, 'TH4309', 41, '101010', 1),
(898, 'Trong PHP, hàm nào được sử dụng để đảo ngược thứ tự các từ trong một chuỗi?', 3, 'TH4309', 41, '101010', 1),
(899, 'Trong PHP, hàm nào được sử dụng để thực hiện việc mã hóa URL?', 3, 'TH4309', 41, '101010', 1),
(900, 'Trong PHP, hàm nào được sử dụng để thực hiện việc giải mã URL?', 3, 'TH4309', 41, '101010', 1),
(901, 'Trong PHP, hàm nào được sử dụng để tạo ra một chuỗi được mã hóa Base64 từ chuỗi ban đầu?', 3, 'TH4309', 41, '101010', 1),
(902, 'Trong PHP, hàm nào được sử dụng để giải mã một chuỗi được mã hóa Base64?', 3, 'TH4309', 41, '101010', 1),
(903, 'Trong PHP, hàm nào được sử dụng để cắt chuỗi thành một mảng các phần tử dựa trên một ký tự phân cách?', 2, 'TH4309', 41, '101010', 1),
(904, 'Trong PHP, hàm nào được sử dụng để nối các phần tử của một mảng thành một chuỗi, với một ký tự phân cách giữa các phần tử?', 2, 'TH4309', 41, '101010', 1),
(905, 'Trong PHP, hàm nào được sử dụng để thay thế tất cả các ký tự xuống dòng trong chuỗi bằng một ký tự khác?', 2, 'TH4309', 41, '101010', 1),
(906, 'Trong PHP, hàm nào được sử dụng để thay thế tất cả các khoảng trắng trong chuỗi bằng một ký tự khác?', 2, 'TH4309', 41, '101010', 1),
(907, 'Trong PHP, hàm nào được sử dụng để tìm kiếm một chuỗi con trong một chuỗi và trả về vị trí đầu tiên của chuỗi con đó trong chuỗi ban đầu?', 2, 'TH4309', 41, '101010', 1),
(908, 'Trong PHP, hàm nào được sử dụng để tìm kiếm một chuỗi con trong một chuỗi và trả về vị trí cuối cùng của chuỗi con đó trong chuỗi ban đầu?', 2, 'TH4309', 41, '101010', 1),
(909, 'Trong PHP, hàm nào được sử dụng để lấy một chuỗi con từ vị trí đầu tiên đến vị trí cuối cùng của chuỗi ban đầu?', 2, 'TH4309', 41, '101010', 1),
(910, 'Trong PHP, hàm nào được sử dụng để lấy một chuỗi con từ vị trí đầu tiên và có độ dài chỉ định của chuỗi ban đầu?', 2, 'TH4309', 41, '101010', 1),
(911, 'Trong PHP, hàm nào được sử dụng để thực hiện việc kiểm tra một chuỗi có trống hay không?', 2, 'TH4309', 41, '101010', 1),
(912, 'Trong PHP, hàm nào được sử dụng để thực hiện việc kiểm tra một chuỗi có chỉ chứa khoảng trắng hay không?', 2, 'TH4309', 41, '101010', 1),
(913, 'Trong PHP, hàm nào được sử dụng để loại bỏ các khoảng trắng ở đầu và cuối của một chuỗi?', 2, 'TH4309', 41, '101010', 1),
(914, 'Trong PHP, hàm nào được sử dụng để loại bỏ các khoảng trắng ở đầu của một chuỗi?', 2, 'TH4309', 41, '101010', 1),
(915, 'Trong PHP, hàm nào được sử dụng để loại bỏ các khoảng trắng ở cuối của một chuỗi?', 2, 'TH4309', 41, '101010', 1),
(916, 'Trong PHP, hàm nào được sử dụng để thực hiện việc chuyển đổi một chuỗi thành chữ thường?', 2, 'TH4309', 41, '101010', 1),
(917, 'Trong PHP, hàm nào được sử dụng để kiểm tra xem một chuỗi có chứa một từ hay không?', 1, 'TH4309', 41, '101010', 1),
(918, 'Trong PHP, hàm nào được sử dụng để tìm kiếm một chuỗi con trong một chuỗi và trả về một chuỗi con bắt đầu từ vị trí đầu tiên của chuỗi con đó trong chuỗi ban đầu?', 1, 'TH4309', 41, '101010', 1),
(919, 'Trong PHP, hàm nào được sử dụng để thực hiện việc kiểm tra xem một chuỗi có bắt đầu bằng một chuỗi con cụ thể hay không?', 1, 'TH4309', 41, '101010', 1),
(920, 'Trong PHP, hàm nào được sử dụng để thực hiện việc kiểm tra xem một chuỗi có kết thúc bằng một chuỗi con cụ thể hay không?', 1, 'TH4309', 41, '101010', 1),
(921, 'Trong PHP, hàm nào được sử dụng để tìm kiếm một chuỗi con trong một chuỗi và thay thế tất cả các chuỗi con đó bằng một chuỗi mới?', 1, 'TH4309', 41, '101010', 1),
(922, 'Trong PHP, hàm nào được sử dụng để chuyển đổi một chuỗi thành một mảng các ký tự?', 1, 'TH4309', 41, '101010', 1),
(923, 'Trong PHP, hàm nào được sử dụng để thực hiện việc lặp lại một chuỗi một số lần cho trước?', 1, 'TH4309', 41, '101010', 1),
(924, 'Trong PHP, hàm nào được sử dụng để tìm kiếm một chuỗi con trong một chuỗi và trả về một chuỗi con bắt đầu từ vị trí cuối cùng của chuỗi con đó trong chuỗi ban đầu?', 1, 'TH4309', 41, '101010', 1),
(925, 'Trong PHP, hàm nào được sử dụng để chuyển đổi một chuỗi số thành một chuỗi tiền tố với các chữ số được phân cách bằng dấu chấm phẩy?', 1, 'TH4309', 41, '101010', 1),
(926, 'Trong PHP, hàm nào được sử dụng để chuyển đổi các ký tự đặc biệt trong chuỗi thành các ký tự có thể hiển thị trên trình duyệt web?', 1, 'TH4309', 41, '101010', 1),
(927, 'Trong PHP, hàm nào được sử dụng để loại bỏ các ký tự đặc biệt trong chuỗi?', 1, 'TH4309', 41, '101010', 1),
(928, 'Trong PHP, hàm nào được sử dụng để thực hiện việc chuyển đổi một chuỗi ký tự thành chuỗi URL an toàn?', 1, 'TH4309', 41, '101010', 1),
(929, 'Trong PHP, hàm nào được sử dụng để thực hiện việc giải mã một chuỗi URL đã được mã hóa trước đó?', 1, 'TH4309', 41, '101010', 1),
(930, 'Trong PHP, hàm nào được sử dụng để thực hiện việc chuyển đổi một chuỗi ký tự thành chuỗi hexa?', 1, 'TH4309', 41, '101010', 1),
(931, 'Trong PHP, hàm nào được sử dụng để giải mã một chuỗi hexa thành chuỗi ký tự?', 1, 'TH4309', 41, '101010', 1),
(932, 'Trong PHP, hàm nào được sử dụng để thực hiện việc tạo ra một chuỗi ngẫu nhiên có độ dài chỉ định và chỉ chứa các ký tự in hoa?', 1, 'TH4309', 41, '101010', 1),
(933, 'Trong PHP, hàm nào được sử dụng để thực hiện việc tạo ra một chuỗi ngẫu nhiên có độ dài chỉ định và chỉ chứa các ký tự in thường?', 1, 'TH4309', 41, '101010', 1),
(934, 'Trong PHP, hàm nào được sử dụng để thực hiện việc tạo ra một chuỗi ngẫu nhiên có độ dài chỉ định và chỉ chứa các ký tự số?', 1, 'TH4309', 41, '101010', 1),
(935, 'Trong PHP, hàm nào được sử dụng để tìm kiếm và thay thế tất cả các từ được chỉ định trong một chuỗi?', 1, 'TH4309', 41, '101010', 1),
(936, 'Trong PHP, hàm nào được sử dụng để kiểm tra xem một chuỗi có bắt đầu bằng một chuỗi con cụ thể hay không?', 1, 'TH4309', 41, '101010', 1),
(937, 'Trong PHP, hàm nào được sử dụng để kiểm tra xem một chuỗi có kết thúc bằng một chuỗi con cụ thể hay không?', 1, 'TH4309', 41, '101010', 1),
(938, 'Trong PHP, hàm nào được sử dụng để thực hiện việc chuyển đổi một chuỗi thành một chuỗi được mã hóa base64?', 1, 'TH4309', 41, '101010', 1),
(939, 'Trong PHP, hàm nào được sử dụng để giải mã một chuỗi đã được mã hóa base64 trước đó?', 1, 'TH4309', 41, '101010', 1),
(940, 'Trong PHP, hàm nào được sử dụng để chuyển đổi một chuỗi ký tự thành chuỗi UTF-8?', 1, 'TH4309', 41, '101010', 1),
(941, 'Trong PHP, hàm nào được sử dụng để chuyển đổi một chuỗi UTF-8 thành chuỗi ký tự chuẩn?', 1, 'TH4309', 41, '101010', 1),
(942, 'Trong PHP, hàm nào được sử dụng để thực hiện việc chuyển đổi một chuỗi thành chuỗi ASCII?', 1, 'TH4309', 41, '101010', 1),
(943, 'Trong PHP, hàm nào được sử dụng để kiểm tra xem một chuỗi có chỉ chứa các ký tự số hay không?', 1, 'TH4309', 41, '101010', 1),
(944, 'Trong PHP, hàm nào được sử dụng để kiểm tra xem một chuỗi có chỉ chứa các ký tự chữ cái hay không?', 1, 'TH4309', 41, '101010', 1),
(945, 'Trong PHP, hàm nào được sử dụng để kiểm tra xem một chuỗi có chỉ chứa các ký tự chữ cái và số hay không?', 1, 'TH4309', 41, '101010', 1),
(946, 'Trong PHP, hàm nào được sử dụng để kiểm tra xem một chuỗi có chỉ chứa các ký tự chữ thường hay không?', 1, 'TH4309', 41, '101010', 1),
(947, 'Trong PHP, hàm nào được sử dụng để kiểm tra xem một chuỗi có chỉ chứa các ký tự chữ hoa hay không?', 1, 'TH4309', 41, '101010', 1),
(948, 'Trong PHP, hàm nào được sử dụng để kiểm tra xem một chuỗi có chỉ chứa các ký tự in hoa và chữ số hay không?', 1, 'TH4309', 41, '101010', 1),
(949, 'Trong PHP, hàm nào được sử dụng để thực hiện việc đảo ngược một chuỗi ký tự?', 1, 'TH4309', 41, '101010', 1),
(950, 'Trong PHP, hàm nào được sử dụng để lấy một phần của chuỗi bắt đầu từ một vị trí cụ thể và có độ dài chỉ định?', 1, 'TH4309', 41, '101010', 1),
(951, 'Trong PHP, hàm nào được sử dụng để lấy một phần của chuỗi bắt đầu từ vị trí cuối cùng của chuỗi và có độ dài chỉ định?', 1, 'TH4309', 41, '101010', 1),
(952, 'Trong PHP, hàm nào được sử dụng để lấy một phần của chuỗi bắt đầu từ vị trí cụ thể và cho đến vị trí cuối cùng của chuỗi?', 1, 'TH4309', 41, '101010', 1),
(953, 'Trong PHP, hàm nào được sử dụng để loại bỏ các khoảng trắng và ký tự xuống dòng từ đầu và cuối chuỗi?', 1, 'TH4309', 41, '101010', 1),
(954, 'Trong PHP, hàm nào được sử dụng để loại bỏ các khoảng trắng và ký tự xuống dòng từ đầu chuỗi?', 1, 'TH4309', 41, '101010', 1),
(955, 'Trong OOP PHP, từ khóa nào được sử dụng để tạo một đối tượng (object)?', 1, 'TH4309', 44, '101010', 1),
(956, 'Trong OOP PHP, từ khóa nào được sử dụng để kế thừa một lớp (class)?', 2, 'TH4309', 44, '101010', 1),
(957, 'Trong OOP PHP, từ khóa nào được sử dụng để gọi phương thức của một đối tượng?', 3, 'TH4309', 44, '101010', 1),
(958, 'Trong OOP PHP, hàm khởi tạo (constructor) của một lớp có tên là gì?', 1, 'TH4309', 44, '101010', 1),
(959, 'Trong OOP PHP, hàm huỷ (destructor) của một lớp có tên là gì?', 2, 'TH4309', 44, '101010', 1),
(960, 'Trong OOP PHP, từ khóa nào được sử dụng để truy cập đến thuộc tính hoặc phương thức của một lớp mà không cần tạo đối tượng (object)?', 3, 'TH4309', 44, '101010', 1),
(961, 'Trong OOP PHP, phương thức nào được sử dụng để thiết lập giá trị cho một thuộc tính của đối tượng?', 1, 'TH4309', 44, '101010', 1),
(962, 'Trong OOP PHP, phương thức nào được sử dụng để lấy giá trị của một thuộc tính của đối tượng?', 2, 'TH4309', 44, '101010', 1),
(963, 'Trong OOP PHP, từ khóa nào được sử dụng để bảo vệ một thuộc tính hoặc phương thức của lớp chỉ được truy cập bởi lớp con (subclass)?', 3, 'TH4309', 44, '101010', 1),
(964, 'Trong OOP PHP, từ khóa nào được sử dụng để tạo một phương thức tĩnh (static method)?', 1, 'TH4309', 44, '101010', 1),
(965, 'Trong OOP PHP, phương thức nào được gọi tự động khi một đối tượng được khởi tạo?', 2, 'TH4309', 44, '101010', 1),
(966, 'Trong OOP PHP, phương thức nào được sử dụng để trả về tên của lớp đang được gọi?', 3, 'TH4309', 44, '101010', 1),
(967, 'Trong OOP PHP, interface là gì?', 1, 'TH4309', 44, '101010', 1),
(968, 'Trong OOP PHP, từ khóa nào được sử dụng để khai báo một interface?', 2, 'TH4309', 44, '101010', 1),
(969, 'Trong OOP PHP, từ khóa nào được sử dụng để khai báo một lớp trừu tượng (abstract class)?', 3, 'TH4309', 44, '101010', 1),
(970, 'Trong OOP PHP, từ khóa nào được sử dụng để tạo một lớp trừu tượng (abstract class)?', 1, 'TH4309', 44, '101010', 1),
(971, 'Trong OOP PHP, phương thức nào được sử dụng để ghi đè phương thức của lớp cha trong lớp con?', 2, 'TH4309', 44, '101010', 1),
(972, 'Trong OOP PHP, từ khóa nào được sử dụng để khai báo một phương thức là final (không thể ghi đè)?', 3, 'TH4309', 44, '101010', 1),
(973, 'Trong OOP PHP, tính kế thừa là gì?', 1, 'TH4309', 44, '101010', 1),
(974, 'Trong OOP PHP, tính đa hình là gì?', 2, 'TH4309', 44, '101010', 1),
(975, 'Trong OOP PHP, tính đóng gói là gì?', 3, 'TH4309', 44, '101010', 1),
(976, 'Trong OOP PHP, từ khóa nào được sử dụng để che dấu (private) thuộc tính hoặc phương thức của một lớp?', 1, 'TH4309', 44, '101010', 1),
(977, 'Trong OOP PHP, từ khóa nào được sử dụng để giới hạn quyền truy cập của thuộc tính hoặc phương thức chỉ trong phạm vi của lớp con (subclass)?', 2, 'TH4309', 44, '101010', 1),
(978, 'Trong OOP PHP, phương thức nào được gọi tự động khi một đối tượng được clone?', 1, 'TH4309', 44, '101010', 1),
(979, 'Trong OOP PHP, phương thức nào được sử dụng để kiểm tra tính hợp lệ của một đối tượng?', 2, 'TH4309', 44, '101010', 1),
(980, 'Trong OOP PHP, phương thức nào được sử dụng để kiểm tra một đối tượng có thể gán được hay không?', 3, 'TH4309', 44, '101010', 1),
(981, 'Trong OOP PHP, phương thức nào được sử dụng để lấy số lượng tham số của một phương thức?', 1, 'TH4309', 44, '101010', 1),
(982, 'Trong OOP PHP, phương thức nào được sử dụng để lấy danh sách các tham số của một phương thức?', 2, 'TH4309', 44, '101010', 1),
(983, 'Trong OOP PHP, phương thức nào được sử dụng để lấy danh sách các tham số tùy chọn của một phương thức?', 3, 'TH4309', 44, '101010', 1),
(984, 'Trong OOP PHP, phương thức nào được sử dụng để kiểm tra một phương thức có tồn tại trong một lớp hay không?', 1, 'TH4309', 44, '101010', 1),
(985, 'Trong OOP PHP, phương thức nào được sử dụng để ghi đè phương thức của một interface trong một lớp?', 2, 'TH4309', 44, '101010', 1),
(986, 'Trong OOP PHP, từ khóa nào được sử dụng để ghi đè phương thức của lớp cha trong lớp con?', 3, 'TH4309', 44, '101010', 1),
(987, 'Trong OOP PHP, phương thức nào được sử dụng để truy cập đến một thuộc tính hoặc phương thức của một đối tượng từ bên ngoài lớp đó?', 1, 'TH4309', 44, '101010', 1),
(988, 'Trong OOP PHP, phương thức nào được sử dụng để thiết lập (set) giá trị cho một thuộc tính của một đối tượng từ bên ngoài lớp đó?', 2, 'TH4309', 44, '101010', 1),
(989, 'Trong OOP PHP, phương thức nào được sử dụng để xóa một thuộc tính hoặc phương thức của một đối tượng từ bên ngoài lớp đó?', 3, 'TH4309', 44, '101010', 1),
(990, 'Trong OOP PHP, phương thức nào được sử dụng để kiểm tra một thuộc tính hoặc phương thức của một đối tượng có thể được truy cập từ bên ngoài lớp đó hay không?', 1, 'TH4309', 44, '101010', 1),
(991, 'Trong OOP PHP, phương thức nào được sử dụng để thiết lập (set) giá trị cho một thuộc tính của một đối tượng từ bên trong lớp đó?', 2, 'TH4309', 44, '101010', 1),
(992, 'Trong OOP PHP, phương thức nào được sử dụng để truy cập đến một thuộc tính hoặc phương thức của một đối tượng từ bên trong lớp đó?', 3, 'TH4309', 44, '101010', 1),
(993, 'Trong OOP PHP, phương thức nào được sử dụng để khởi tạo một đối tượng mà không cần sử dụng từ khóa &quot;new&quot;?', 1, 'TH4309', 44, '101010', 1),
(994, 'Trong OOP PHP, phương thức nào được sử dụng để chuyển một đối tượng thành một hàm (callable object)?', 2, 'TH4309', 44, '101010', 1),
(995, 'Trong OOP PHP, phương thức nào được sử dụng để lấy tên của lớp mà một đối tượng thuộc về?', 3, 'TH4309', 44, '101010', 1),
(996, 'Trong OOP PHP, từ khóa nào được sử dụng để kế thừa một lớp cha?', 1, 'TH4309', 44, '101010', 1),
(997, 'Trong OOP PHP, từ khóa nào được sử dụng để triển khai một interface?', 2, 'TH4309', 44, '101010', 1),
(998, 'Trong OOP PHP, phương thức nào được sử dụng để kiểm tra một đối tượng có thể được gọi như một hàm hay không?', 3, 'TH4309', 44, '101010', 1),
(999, 'Trong OOP PHP, phương thức nào được sử dụng để tạo ra một đối tượng mới từ một chuỗi (string) được đưa vào?', 1, 'TH4309', 44, '101010', 1),
(1000, 'Trong OOP PHP, phương thức nào được sử dụng để tạo ra một đối tượng mới từ một mảng (array) được đưa vào?', 2, 'TH4309', 44, '101010', 1);
INSERT INTO `cauhoi` (`macauhoi`, `noidung`, `dokho`, `mamonhoc`, `machuong`, `nguoitao`, `trangthai`) VALUES
(1001, 'Trong OOP PHP, phương thức nào được sử dụng để tạo ra một đối tượng mới từ một đối tượng (object) được đưa vào?', 3, 'TH4309', 44, '101010', 1),
(1002, 'Trong OOP PHP, phương thức nào được sử dụng để xác định phạm vi của một phương thức hoặc thuộc tính?', 1, 'TH4309', 44, '101010', 1),
(1003, 'Trong OOP PHP, phương thức nào được sử dụng để truy cập đến một thuộc tính hoặc phương thức của lớp từ bên trong lớp đó?', 2, 'TH4309', 44, '101010', 1),
(1004, 'Trong OOP PHP, phương thức nào được sử dụng để tạo ra một đối tượng mới từ một đối tượng khác?', 3, 'TH4309', 44, '101010', 1),
(1005, 'Trong OOP PHP, phương thức nào được sử dụng để kiểm tra một đối tượng có phải là một thể hiện của một lớp hay không?', 1, 'TH4309', 44, '101010', 1),
(1006, 'Trong OOP PHP, phương thức nào được sử dụng để lấy tên của đối tượng?', 2, 'TH4309', 44, '101010', 1),
(1007, 'Trong OOP PHP, từ khóa nào được sử dụng để truy cập đến một thuộc tính hoặc phương thức tĩnh của một lớp?', 3, 'TH4309', 44, '101010', 1),
(1008, 'Trong OOP PHP, từ khóa nào được sử dụng để truy cập đến một thuộc tính hoặc phương thức tĩnh của lớp cha?', 1, 'TH4309', 44, '101010', 1),
(1009, 'Trong OOP PHP, từ khóa nào được sử dụng để truy cập đến một thuộc tính hoặc phương thức tĩnh của lớp hiện tại?', 2, 'TH4309', 44, '101010', 1),
(1010, 'Trong OOP PHP, phương thức nào được sử dụng để đóng gói một lớp và các thành phần của nó vào một tệp tin để tái sử dụng hoặc chia sẻ?', 3, 'TH4309', 44, '101010', 1),
(1011, 'Trong OOP PHP, phương thức nào được sử dụng để tạo ra một đối tượng mới từ một đối tượng khác và thay đổi một số thuộc tính của nó?', 1, 'TH4309', 44, '101010', 1),
(1012, 'Trong OOP PHP, phương thức nào được sử dụng để tạo ra một đối tượng mới từ một đối tượng khác và giữ nguyên tất cả các thuộc tính của nó?', 2, 'TH4309', 44, '101010', 1),
(1013, 'Trong OOP PHP, phương thức nào được sử dụng để tạo ra một đối tượng mới từ một đối tượng khác và thêm vào một số thuộc tính mới?', 3, 'TH4309', 44, '101010', 1),
(1014, 'Trong OOP PHP, từ khóa nào được sử dụng để truy cập đến một thuộc tính hoặc phương thức bảo vệ của lớp hiện tại hoặc lớp con của nó?', 1, 'TH4309', 44, '101010', 1),
(1015, 'Trong OOP PHP, từ khóa nào được sử dụng để truy cập đến một thuộc tính hoặc phương thức riêng tư của lớp hiện tại?', 2, 'TH4309', 44, '101010', 1),
(1016, 'Trong OOP PHP, phương thức nào được sử dụng để xử lý một ngoại lệ (exception) được ném ra trong một khối try-catch?', 3, 'TH4309', 44, '101010', 1),
(1017, 'Trong OOP PHP, phương thức nào được sử dụng để định nghĩa một toán tử cho một lớp?', 1, 'TH4309', 44, '101010', 1),
(1018, 'Trong OOP PHP, phương thức nào được sử dụng để chuyển một đối tượng thành một chuỗi (string)?', 2, 'TH4309', 44, '101010', 1),
(1019, 'Trong OOP PHP, từ khóa nào được sử dụng để định nghĩa một hằng số?', 3, 'TH4309', 44, '101010', 1),
(1020, 'Trong OOP PHP, phương thức nào được sử dụng để xóa bỏ một đối tượng?', 1, 'TH4309', 44, '101010', 1),
(1021, 'Trong OOP PHP, từ khóa nào được sử dụng để định nghĩa một phương thức hoặc thuộc tính tĩnh?', 2, 'TH4309', 44, '101010', 1),
(1022, 'Trong OOP PHP, phương thức nào được sử dụng để xóa bỏ tất cả các thuộc tính và phương thức của một đối tượng?', 3, 'TH4309', 44, '101010', 1),
(1023, 'Trong OOP PHP, phương thức nào được sử dụng để tạo ra một đối tượng mới từ một chuỗi JSON?', 1, 'TH4309', 44, '101010', 1),
(1024, 'Trong OOP PHP, phương thức nào được sử dụng để chuyển một đối tượng thành một mảng (array)?', 2, 'TH4309', 44, '101010', 1),
(1025, 'Trong OOP PHP, phương thức nào được sử dụng để đăng ký một hàm hoặc phương thức như là một hàm hoặc phương thức xử lý sự kiện (event handler)?', 3, 'TH4309', 44, '101010', 1),
(1026, 'Trong OOP PHP, phương thức nào được sử dụng để tạo ra một đối tượng mới từ một đường dẫn tệp tin (file path)?', 1, 'TH4309', 44, '101010', 1),
(1027, 'Trong OOP PHP, phương thức nào được sử dụng để đọc nội dung của một tệp tin và trả về một chuỗi (string)?', 2, 'TH4309', 44, '101010', 1),
(1028, 'Trong OOP PHP, phương thức nào được sử dụng để ghi nội dung vào một tệp tin từ một chuỗi (string)?', 3, 'TH4309', 44, '101010', 1),
(1029, 'Trong OOP PHP, phương thức nào được sử dụng để lấy đường dẫn thư mục hiện tại?', 1, 'TH4309', 44, '101010', 1),
(1030, 'Trong OOP PHP, phương thức nào được sử dụng để tạo ra một thời gian (timestamp) từ một chuỗi (string) thời gian?', 2, 'TH4309', 44, '101010', 1),
(1031, 'Trong OOP PHP, phương thức nào được sử dụng để tạo ra một đối tượng mới từ một đối tượng khác và thay đổi một số thuộc tính của nó?', 3, 'TH4309', 44, '101010', 1),
(1032, 'Trong OOP PHP, phương thức nào được sử dụng để lấy tất cả các phương thức public của một lớp?', 1, 'TH4309', 44, '101010', 1),
(1033, 'Trong OOP PHP, phương thức nào được sử dụng để lấy tất cả các thuộc tính public của một lớp?', 2, 'TH4309', 44, '101010', 1),
(1034, 'Trong OOP PHP, phương thức nào được sử dụng để lấy tất cả các phương thức và thuộc tính của một lớp?', 3, 'TH4309', 44, '101010', 1),
(1035, 'Trong OOP PHP, phương thức nào được sử dụng để kiểm tra xem một đối tượng có phải là một thể hiện của một lớp hay không, và cả các lớp cha của nó?', 1, 'TH4309', 44, '101010', 1),
(1036, 'Trong OOP PHP, phương thức nào được sử dụng để kiểm tra xem một lớp có phải là một thể hiện của một lớp khác hay không?', 2, 'TH4309', 44, '101010', 1),
(1037, 'Trong OOP PHP, phương thức nào được sử dụng để kiểm tra xem một lớp có phải là một lớp con của một lớp khác hay không?', 3, 'TH4309', 44, '101010', 1),
(1038, 'Trong OOP PHP, phương thức nào được sử dụng để đọc tất cả các file trong một thư mục và trả về một mảng danh sách các tệp tin?', 1, 'TH4309', 44, '101010', 1),
(1039, 'Trong OOP PHP, phương thức nào được sử dụng để tạo ra một đối tượng mới từ một chuỗi XML?', 2, 'TH4309', 44, '101010', 1),
(1040, 'Trong OOP PHP, phương thức nào được sử dụng để chuyển một đối tượng thành một chuỗi JSON?', 3, 'TH4309', 44, '101010', 1),
(1041, 'Trong OOP PHP, phương thức nào được sử dụng để tạo ra một đối tượng mới từ một chuỗi URL?', 1, 'TH4309', 44, '101010', 1),
(1042, 'Trong OOP PHP, phương thức nào được sử dụng để tạo ra một đối tượng mới từ một chuỗi querry string?', 2, 'TH4309', 44, '101010', 1),
(1043, 'Trong OOP PHP, phương thức nào được sử dụng để gửi một yêu cầu HTTP GET và trả về nội dung của phản hồi dưới dạng một chuỗi (string)?', 3, 'TH4309', 44, '101010', 1),
(1044, 'Trong OOP PHP, phương thức nào được sử dụng để gửi một yêu cầu HTTP POST và trả về nội dung của phản hồi dưới dạng một chuỗi (string)?', 1, 'TH4309', 44, '101010', 1),
(1045, 'Trong OOP PHP, phương thức nào được sử dụng để chuyển đổi một đối tượng thành một chuỗi XML?', 2, 'TH4309', 44, '101010', 1),
(1046, 'Trong OOP PHP, phương thức nào được sử dụng để kiểm tra xem một lớp có tồn tại hay không?', 3, 'TH4309', 44, '101010', 1),
(1047, 'Trong OOP PHP, phương thức nào được sử dụng để lấy thông tin về một hằng số trong một lớp?', 1, 'TH4309', 44, '101010', 1),
(1048, 'Trong OOP PHP, phương thức nào được sử dụng để đặt tên lớp cho một đối tượng?', 2, 'TH4309', 44, '101010', 1),
(1049, 'Trong OOP PHP, phương thức nào được sử dụng để lấy tên lớp của một đối tượng?', 3, 'TH4309', 44, '101010', 1),
(1050, 'Trong PHP, ký tự nào dùng để bắt đầu tên của một biến?', 1, 'TH4309', 36, '101010', 1),
(1051, 'Trong PHP, biến có phân biệt chữ hoa chữ thường không?', 1, 'TH4309', 36, '101010', 1),
(1052, 'Đâu là cách đúng để khai báo một biến kiểu số nguyên trong PHP?', 2, 'TH4309', 36, '101010', 1),
(1053, 'Đâu là cách đúng để khai báo một biến kiểu chuỗi trong PHP?', 2, 'TH4309', 36, '101010', 1),
(1054, 'Đâu là cách đúng để khai báo một biến kiểu mảng trong PHP?', 2, 'TH4309', 36, '101010', 1),
(1055, 'Đâu là cách đúng để khai báo một biến kiểu đối tượng trong PHP?', 3, 'TH4309', 36, '101010', 1),
(1056, 'Đâu là cách đúng để khai báo một biến kiểu null trong PHP?', 3, 'TH4309', 36, '101010', 1),
(1057, 'Trong PHP, toán tử nào sau đây dùng để gán giá trị cho một biến?', 1, 'TH4309', 36, '101010', 1),
(1058, 'Trong PHP, toán tử nào sau đây dùng để so sánh bằng về giá trị?', 1, 'TH4309', 36, '101010', 1),
(1059, 'Trong PHP, toán tử nào sau đây dùng để so sánh bằng về giá trị và kiểu dữ liệu?', 1, 'TH4309', 36, '101010', 1),
(1060, 'Đâu là cách đúng để khai báo một hằng số trong PHP?', 2, 'TH4309', 36, '101010', 1),
(1061, 'Hàm nào sau đây không phải là một hàm có sẵn trong PHP để kiểm tra kiểu dữ liệu của một biến?', 2, 'TH4309', 36, '101010', 1),
(1062, 'Đâu là cách đúng để ép kiểu một biến sang kiểu số nguyên trong PHP?', 3, 'TH4309', 36, '101010', 1),
(1063, 'Đâu là cách đúng để ép kiểu một biến sang kiểu số thực (float) trong PHP?', 3, 'TH4309', 36, '101010', 1),
(1064, 'Đâu là cách đúng để ép kiểu một biến sang kiểu chuỗi trong PHP?', 2, 'TH4309', 36, '101010', 1),
(1065, 'Đâu là cách đúng để ép kiểu một biến sang kiểu mảng trong PHP?', 2, 'TH4309', 36, '101010', 1),
(1066, 'Đâu là cách đúng để ép kiểu một biến sang kiểu đối tượng trong PHP?', 3, 'TH4309', 36, '101010', 1),
(1067, 'Trong PHP, đâu là cách đúng để ghép hai chuỗi lại với nhau?', 1, 'TH4309', 36, '101010', 1),
(1068, 'Trong PHP, đâu là cách đúng để chuyển đổi một chuỗi sang kiểu số nguyên?', 2, 'TH4309', 36, '101010', 1),
(1069, 'Trong PHP, đâu là cách đúng để chuyển đổi một chuỗi sang kiểu số thực (float)?', 2, 'TH4309', 36, '101010', 1),
(1070, 'Trong PHP, đâu là cách đúng để chuyển đổi một số nguyên sang kiểu chuỗi?', 3, 'TH4309', 36, '101010', 1),
(1071, 'Trong PHP, đâu là cách đúng để chuyển đổi một số thực (float) sang kiểu chuỗi?', 3, 'TH4309', 36, '101010', 1),
(1072, 'Đâu là cách đúng để lấy giá trị tuyệt đối của một biến trong PHP?', 1, 'TH4309', 36, '101010', 1),
(1073, 'Trong PHP, hàm nào sau đây dùng để làm tròn một số thực xuống số nguyên gần nhất?', 1, 'TH4309', 36, '101010', 1),
(1074, 'Trong PHP, hàm nào sau đây dùng để làm tròn một số thực lên số nguyên gần nhất?', 2, 'TH4309', 36, '101010', 1),
(1075, 'Trong PHP, hàm nào sau đây dùng để làm tròn một số thực đến số nguyên gần nhất?', 2, 'TH4309', 36, '101010', 1),
(1076, 'Trong PHP, hàm nào sau đây dùng để tìm giá trị lớn nhất trong một danh sách các số?', 3, 'TH4309', 36, '101010', 1),
(1077, 'Trong PHP, hàm nào sau đây dùng để tìm giá trị nhỏ nhất trong một danh sách các số?', 3, 'TH4309', 36, '101010', 1),
(1078, 'Trong PHP, hàm nào sau đây dùng để sinh một số ngẫu nhiên trong một khoảng cho trước?', 1, 'TH4309', 36, '101010', 1),
(1079, 'Trong PHP, hàm nào sau đây dùng để kiểm tra xem một biến có phải là số nguyên dương hay không?', 2, 'TH4309', 36, '101010', 1),
(1080, 'Trong PHP, hàm nào sau đây dùng để kiểm tra xem một biến có phải là số nguyên âm hay không?', 2, 'TH4309', 36, '101010', 1),
(1081, 'Trong PHP, hàm nào sau đây dùng để kiểm tra xem một biến có phải là số nguyên tố hay không?', 3, 'TH4309', 36, '101010', 1),
(1082, '<p>fsdfsdfsfdad</p>\n', 1, 'TH4305', 45, '101010', 0),
(1083, '<p>sadfw5w645646</p>\n', 2, 'TH4305', 45, '101010', 0),
(1084, '<p>1234567</p>\n', 3, 'TH4305', 45, '101010', 0);

-- --------------------------------------------------------

--
-- Cấu trúc bảng cho bảng `cautraloi`
--

CREATE TABLE `cautraloi` (
  `macautl` int(11) NOT NULL,
  `macauhoi` int(11) NOT NULL,
  `noidungtl` varchar(500) NOT NULL,
  `ladapan` tinyint(1) NOT NULL
) ENGINE=InnoDB DEFAULT CHARSET=utf8mb4 COLLATE=utf8mb4_general_ci;

--
-- Đang đổ dữ liệu cho bảng `cautraloi`
--

INSERT INTO `cautraloi` (`macautl`, `macauhoi`, `noidungtl`, `ladapan`) VALUES
(2147, 538, 'is_dir()', 0),
(2148, 538, 'is_hidden()', 1),
(2149, 538, 'check_hidden()', 0),
(2150, 538, 'verify_directory()', 0),
(2151, 539, 'basename()', 1),
(2152, 539, 'file_name()', 0),
(2153, 539, 'get_file_name()', 0),
(2154, 539, 'name()', 0),
(2155, 540, 'copy()', 1),
(2156, 540, 'duplicate_file()', 0),
(2157, 540, 'replicate_file()', 0),
(2158, 540, 'clone_file()', 0),
(2159, 541, 'rename()', 1),
(2160, 541, 'change_name()', 0),
(2161, 541, 'modify_name()', 0),
(2162, 541, 'update_name()', 0),
(2163, 542, 'is_link()', 1),
(2164, 542, 'is_symbolic_link()', 0),
(2165, 542, 'check_symbolic_link()', 0),
(2166, 542, 'verify_link()', 0),
(2167, 543, 'pathinfo()', 1),
(2168, 543, 'file_extension()', 0),
(2169, 543, 'get_file_extension()', 0),
(2170, 543, 'extension()', 0),
(2171, 544, 'is_fifo()', 1),
(2172, 544, 'check_fifo()', 0),
(2173, 544, 'verify_fifo()', 0),
(2174, 544, 'fifo_exists()', 0),
(2175, 545, 'is_char()', 1),
(2176, 545, 'check_char()', 0),
(2177, 545, 'verify_char()', 0),
(2178, 545, 'char_exists()', 0),
(2179, 546, 'dirname()', 1),
(2180, 546, 'parent_directory()', 0),
(2181, 546, 'get_parent_directory()', 0),
(2182, 546, 'up_directory()', 0),
(2183, 547, 'rmdir()', 1),
(2184, 547, 'remove_directory()', 0),
(2185, 547, 'delete_folder()', 0),
(2186, 547, 'erase_directory()', 0),
(2187, 548, 'is_socket()', 1),
(2188, 548, 'check_socket()', 0),
(2189, 548, 'verify_socket()', 0),
(2190, 548, 'socket_exists()', 0),
(2191, 549, 'filemtime()', 1),
(2192, 549, 'get_file_time()', 0),
(2193, 549, 'file_time()', 0),
(2194, 549, 'time()', 0),
(2195, 550, 'is_ascii()', 1),
(2196, 550, 'check_ascii()', 0),
(2197, 550, 'verify_ascii()', 0),
(2198, 550, 'ascii_exists()', 0),
(2199, 551, 'stat()', 1),
(2200, 551, 'file_info()', 0),
(2201, 551, 'get_file_info()', 0),
(2202, 551, 'info()', 0),
(2203, 552, 'is_reg()', 1),
(2204, 552, 'check_reg()', 0),
(2205, 552, 'verify_reg()', 0),
(2206, 552, 'reg_exists()', 0),
(2207, 553, 'file()', 1),
(2208, 553, 'read_file()', 0),
(2209, 553, 'get_file_content()', 0),
(2210, 553, 'file_content()', 0),
(2211, 554, 'file_get_contents()', 1),
(2212, 554, 'read_file()', 0),
(2213, 554, 'get_file_content()', 0),
(2214, 554, 'file_content()', 0),
(2215, 555, 'file_put_contents()', 1),
(2216, 555, 'write_file()', 0),
(2217, 555, 'put_file_content()', 0),
(2218, 555, 'file_content()', 0),
(2219, 556, 'chmod()', 1),
(2220, 556, 'change_permission()', 0),
(2221, 556, 'modify_permission()', 0),
(2222, 556, 'update_permission()', 0),
(2223, 557, 'chown()', 1),
(2224, 557, 'change_owner()', 0),
(2225, 557, 'modify_owner()', 0),
(2226, 557, 'update_owner()', 0),
(2227, 558, 'chgrp()', 1),
(2228, 558, 'change_group()', 0),
(2229, 558, 'modify_group()', 0),
(2230, 558, 'update_group()', 0),
(2231, 559, 'is_webp()', 1),
(2232, 559, 'check_webp()', 0),
(2233, 559, 'verify_webp()', 0),
(2234, 559, 'webp_exists()', 0),
(2235, 560, 'filesize()', 0),
(2236, 560, 'human_file_size()', 1),
(2237, 560, 'get_human_file_size()', 0),
(2238, 560, 'file_size()', 0),
(2239, 561, 'du()', 0),
(2240, 561, 'folder_size()', 1),
(2241, 561, 'get_folder_size()', 0),
(2242, 561, 'directory_size()', 0),
(2243, 562, 'scandir()', 1),
(2244, 562, 'list_files()', 0),
(2245, 562, 'get_files()', 0),
(2246, 562, 'files()', 0),
(2247, 563, 'str_getcsv()', 1),
(2248, 563, 'read_csv()', 0),
(2249, 563, 'get_csv_content()', 0),
(2250, 563, 'csv_content()', 0),
(2251, 564, 'fputcsv()', 1),
(2252, 564, 'write_csv()', 0),
(2253, 564, 'put_csv_content()', 0),
(2254, 564, 'csv_content()', 0),
(2255, 565, 'is_pdf()', 1),
(2256, 565, 'check_pdf()', 0),
(2257, 565, 'verify_pdf()', 0),
(2258, 565, 'pdf_exists()', 0),
(2259, 566, 'is_zip()', 1),
(2260, 566, 'check_zip()', 0),
(2261, 566, 'verify_zip()', 0),
(2262, 566, 'zip_exists()', 0),
(2263, 567, 'zip()', 1),
(2264, 567, 'compress()', 0),
(2265, 567, 'archive()', 0),
(2266, 567, 'pack()', 0),
(2267, 568, 'unzip()', 0),
(2268, 568, 'extract()', 1),
(2269, 568, 'decompress()', 0),
(2270, 568, 'unarchive()', 0),
(2271, 569, 'fopen()', 1),
(2272, 569, 'new_file()', 0),
(2273, 569, 'create_file()', 0),
(2274, 569, 'open_file()', 0),
(2275, 570, 'fclose()', 1),
(2276, 570, 'close_file()', 0),
(2277, 570, 'end_file()', 0),
(2278, 570, 'shut_file()', 0),
(2279, 571, 'rename()', 1),
(2280, 571, 'change_name()', 0),
(2281, 571, 'modify_name()', 0),
(2282, 571, 'update_name()', 0),
(2283, 572, 'unlink()', 1),
(2284, 572, 'delete_file()', 0),
(2285, 572, 'remove_file()', 0),
(2286, 572, 'erase_file()', 0),
(2287, 573, 'is_png()', 1),
(2288, 573, 'check_png()', 0),
(2289, 573, 'verify_png()', 0),
(2290, 573, 'png_exists()', 0),
(2291, 574, 'is_jpeg()', 1),
(2292, 574, 'check_jpeg()', 0),
(2293, 574, 'verify_jpeg()', 0),
(2294, 574, 'jpeg_exists()', 0),
(2295, 575, 'is_gif()', 1),
(2296, 575, 'check_gif()', 0),
(2297, 575, 'verify_gif()', 0),
(2298, 575, 'gif_exists()', 0),
(2299, 576, 'is_bmp()', 1),
(2300, 576, 'check_bmp()', 0),
(2301, 576, 'verify_bmp()', 0),
(2302, 576, 'bmp_exists()', 0),
(2303, 577, 'is_webp()', 1),
(2304, 577, 'check_webp()', 0),
(2305, 577, 'verify_webp()', 0),
(2306, 577, 'webp_exists()', 0),
(2307, 578, 'is_mp4()', 1),
(2308, 578, 'check_mp4()', 0),
(2309, 578, 'verify_mp4()', 0),
(2310, 578, 'mp4_exists()', 0),
(2311, 579, 'is_avi()', 1),
(2312, 579, 'check_avi()', 0),
(2313, 579, 'verify_avi()', 0),
(2314, 579, 'avi_exists()', 0),
(2315, 580, 'is_mp3()', 1),
(2316, 580, 'check_mp3()', 0),
(2317, 580, 'verify_mp3()', 0),
(2318, 580, 'mp3_exists()', 0),
(2319, 581, 'mkdir()', 1),
(2320, 581, 'new_dir()', 0),
(2321, 581, 'create_dir()', 0),
(2322, 581, 'make_dir()', 0),
(2323, 582, 'rmdir()', 1),
(2324, 582, 'delete_dir()', 0),
(2325, 582, 'remove_dir()', 0),
(2326, 582, 'erase_dir()', 0),
(2327, 583, 'rmdir_recursive()', 0),
(2328, 583, 'delete_dir_recursive()', 1),
(2329, 583, 'remove_dir_recursive()', 0),
(2330, 583, 'erase_dir_recursive()', 0),
(2331, 584, 'rename()', 1),
(2332, 584, 'change_name()', 0),
(2333, 584, 'modify_name()', 0),
(2334, 584, 'update_name()', 0),
(2335, 585, 'scandir()', 1),
(2336, 585, 'list_directories()', 0),
(2337, 585, 'get_directories()', 0),
(2338, 585, 'directories()', 0),
(2339, 586, 'glob()', 0),
(2340, 586, 'get_files_recursive()', 1),
(2341, 586, 'files_recursive()', 0),
(2342, 586, 'list_files_recursive()', 0),
(2343, 587, 'file_exists()', 1),
(2344, 587, 'item_exists()', 0),
(2345, 587, 'object_exists()', 0),
(2346, 587, 'entity_exists()', 0),
(2347, 588, 'is_file()', 1),
(2348, 588, 'check_file()', 0),
(2349, 588, 'verify_file()', 0),
(2350, 588, 'file_path()', 0),
(2351, 589, 'is_dir()', 1),
(2352, 589, 'check_dir()', 0),
(2353, 589, 'verify_dir()', 0),
(2354, 589, 'dir_path()', 0),
(2355, 590, 'filemtime()', 1),
(2356, 590, 'get_modification_time()', 0),
(2357, 590, 'modification_time()', 0),
(2358, 590, 'get_filemtime()', 0),
(2359, 591, 'fileatime()', 1),
(2360, 591, 'get_access_time()', 0),
(2361, 591, 'access_time()', 0),
(2362, 591, 'get_fileatime()', 0),
(2607, 653, 'date()', 1),
(2608, 653, 'current_date()', 0),
(2609, 653, 'current_time()', 0),
(2610, 653, 'time()', 0),
(2611, 654, 'time()', 1),
(2612, 654, 'get_timestamp()', 0),
(2613, 654, 'current_timestamp()', 0),
(2614, 654, 'timestamp_now()', 0),
(2615, 655, 'date()', 1),
(2616, 655, 'timestamp_to_date()', 0),
(2617, 655, 'convert_timestamp()', 0),
(2618, 655, 'time_to_date()', 0),
(2619, 656, 'strtotime()', 0),
(2620, 656, 'date_diff()', 1),
(2621, 656, 'calculate_time()', 0),
(2622, 656, 'time_difference()', 0),
(2623, 657, 'strtotime()', 0),
(2624, 657, 'date_diff()', 1),
(2625, 657, 'calculate_days()', 0),
(2626, 657, 'day_difference()', 0),
(2627, 658, 'date_add()', 1),
(2628, 658, 'add_time()', 0),
(2629, 658, 'time_add()', 0),
(2630, 658, 'append_date()', 0),
(2631, 659, 'date_sub()', 1),
(2632, 659, 'subtract_time()', 0),
(2633, 659, 'time_sub()', 0),
(2634, 659, 'remove_date()', 0),
(2635, 660, 'strtotime()', 1),
(2636, 660, 'date_to_timestamp()', 0),
(2637, 660, 'convert_date()', 0),
(2638, 660, 'time_to_timestamp()', 0),
(2639, 661, 'date()', 1),
(2640, 661, 'timezone_date()', 0),
(2641, 661, 'set_timezone()', 0),
(2642, 661, 'convert_timezone()', 0),
(2643, 662, 'date_format()', 1),
(2644, 662, 'format_date()', 0),
(2645, 662, 'convert_date_format()', 0),
(2646, 662, 'change_date_format()', 0),
(2647, 663, 'date()', 0),
(2648, 663, 'month_name()', 1),
(2649, 663, 'get_month()', 0),
(2650, 663, 'name_month()', 0),
(2651, 664, 'date()', 0),
(2652, 664, 'day_name()', 1),
(2653, 664, 'get_day()', 0),
(2654, 664, 'name_day()', 0),
(2655, 665, 'date()', 0),
(2656, 665, 'day_number()', 1),
(2657, 665, 'get_day_number()', 0),
(2658, 665, 'number_day()', 0),
(2659, 666, 'checkdate()', 1),
(2660, 666, 'validate_date()', 0),
(2661, 666, 'is_valid_date()', 0),
(2662, 666, 'date_check()', 0),
(2663, 667, 'DateTime::createFromFormat()', 1),
(2664, 667, 'create_datetime()', 0),
(2665, 667, 'datetime_from_string()', 0),
(2666, 667, 'parse_date()', 0),
(2667, 668, 'DateTime::createFromFormat()', 0),
(2668, 668, 'create_datetime()', 0),
(2669, 668, 'datetime_from_timestamp()', 1),
(2670, 668, 'parse_timestamp()', 0),
(2671, 669, 'DateTime::add()', 1),
(2672, 669, 'add_time()', 0),
(2673, 669, 'time_add()', 0),
(2674, 669, 'append_datetime()', 0),
(2675, 670, 'DateTime::sub()', 1),
(2676, 670, 'subtract_time()', 0),
(2677, 670, 'time_sub()', 0),
(2678, 670, 'remove_datetime()', 0),
(2679, 671, 'DateTime::format()', 1),
(2680, 671, 'get_datetime_value()', 0),
(2681, 671, 'datetime_attribute()', 0),
(2682, 671, 'get_datetime_property()', 0),
(2683, 672, 'DateTime::diff()', 1),
(2684, 672, 'compare_datetime()', 0),
(2685, 672, 'datetime_compare()', 0),
(2686, 672, 'DateTime::compare()', 0),
(2687, 673, 'DateTime::format()', 1),
(2688, 673, 'datetime_to_string()', 0),
(2689, 673, 'convert_datetime()', 0),
(2690, 673, 'DateTime::toString()', 0),
(2691, 674, 'DateTime::format()', 1),
(2692, 674, 'format_datetime()', 0),
(2693, 674, 'convert_datetime_format()', 0),
(2694, 674, 'change_datetime_format()', 0),
(2695, 675, 'DateTimeZone::__construct()', 1),
(2696, 675, 'create_timezone()', 0),
(2697, 675, 'timezone_from_string()', 0),
(2698, 675, 'parse_timezone()', 0),
(2699, 676, 'DateTime::setTimezone()', 1),
(2700, 676, 'set_timezone()', 0),
(2701, 676, 'timezone_set()', 0),
(2702, 676, 'DateTime::timezone()', 0),
(2703, 677, 'timezone_identifiers_list()', 1),
(2704, 677, 'list_timezones()', 0),
(2705, 677, 'supported_timezones()', 0),
(2706, 677, 'get_timezones()', 0),
(2707, 678, 'DateTime::setTimezone()', 1),
(2708, 678, 'set_timezone()', 0),
(2709, 678, 'convert_timezone()', 0),
(2710, 678, 'DateTime::convert()', 0),
(2711, 679, 'DateInterval::createFromDateString()', 1),
(2712, 679, 'create_date_interval()', 0),
(2713, 679, 'interval_from_string()', 0),
(2714, 679, 'parse_interval()', 0),
(2715, 680, 'DateTime::diff()', 0),
(2716, 680, 'DateInterval::diff()', 1),
(2717, 680, 'interval_between()', 0),
(2718, 680, 'calculate_interval()', 0),
(2719, 681, 'strtotime()', 1),
(2720, 681, 'DateTime::diff()', 0),
(2721, 681, 'DateInterval::diff()', 0),
(2722, 681, 'calculate_time_difference()', 0),
(2723, 682, 'DateTime::diff()', 0),
(2724, 682, 'DateInterval::diff()', 1),
(2725, 682, 'calculate_minutes_difference()', 0),
(2726, 682, 'strtotime()', 0),
(2727, 683, 'DateInterval::diff()', 1),
(2728, 683, 'DateTime::diff()', 0),
(2729, 683, 'calculate_hours_difference()', 0),
(2730, 683, 'strtotime()', 0),
(2731, 684, 'DateInterval::diff()', 1),
(2732, 684, 'DateTime::diff()', 0),
(2733, 684, 'calculate_days_difference()', 0),
(2734, 684, 'strtotime()', 0),
(2735, 685, 'DateInterval::diff()', 1),
(2736, 685, 'DateTime::diff()', 0),
(2737, 685, 'calculate_years_difference()', 0),
(2738, 685, 'strtotime()', 0),
(2739, 686, 'DateTime::createFromFormat()', 0),
(2740, 686, 'create_datetime()', 0),
(2741, 686, 'datetime_from_date_time()', 0),
(2742, 686, 'DateTime::create()', 1),
(2743, 687, 'DateTime::createFromFormat()', 0),
(2744, 687, 'create_datetime()', 0),
(2745, 687, 'datetime_from_timestamp()', 0),
(2746, 687, 'DateTime::createFromTimestamp()', 1),
(2747, 688, 'checkdate()', 0),
(2748, 688, 'is_last_day_of_month()', 1),
(2749, 688, 'is_month_end()', 0),
(2750, 688, 'last_day_of_month()', 0),
(2751, 689, 'date()', 0),
(2752, 689, 'week_number()', 1),
(2753, 689, 'get_week_number()', 0),
(2754, 689, 'number_week()', 0),
(2755, 690, 'date()', 0),
(2756, 690, 'week_number()', 0),
(2757, 690, 'get_week_number()', 0),
(2758, 690, 'number_week_in_month()', 1),
(2759, 691, 'date()', 0),
(2760, 691, 'week_number()', 0),
(2761, 691, 'get_week_number()', 1),
(2762, 691, 'number_weekday()', 0),
(2763, 692, 'DateTime::format()', 1),
(2764, 692, 'format_datetime()', 0),
(2765, 692, 'create_date_string()', 0),
(2766, 692, 'DateTime::toString()', 0),
(2767, 693, 'DateTime::format()', 1),
(2768, 693, 'format_datetime()', 0),
(2769, 693, 'convert_datetime_format()', 0),
(2770, 693, 'change_datetime_format()', 0),
(2771, 694, 'date()', 0),
(2772, 694, 'month_name()', 1),
(2773, 694, 'get_month_name()', 0),
(2774, 694, 'name_month()', 0),
(2775, 695, 'date()', 0),
(2776, 695, 'month_number()', 1),
(2777, 695, 'get_month_number()', 0),
(2778, 695, 'number_month()', 0),
(2779, 696, 'date()', 0),
(2780, 696, 'day_name()', 1),
(2781, 696, 'get_day_name()', 0),
(2782, 696, 'name_day()', 0),
(2783, 697, 'date()', 0),
(2784, 697, 'day_number()', 1),
(2785, 697, 'get_day_number()', 0),
(2786, 697, 'number_day()', 0),
(2787, 698, 'DatePeriod::__construct()', 1),
(2788, 698, 'create_date_period()', 0),
(2789, 698, 'date_range()', 0),
(2790, 698, 'DateTime::range()', 0),
(2791, 699, 'DateTime::diff()', 0),
(2792, 699, 'DateInterval::diff()', 0),
(2793, 699, 'DatePeriod::getDates()', 1),
(2794, 699, 'get_date_range()', 0),
(2795, 700, 'random_date()', 1),
(2796, 700, 'generate_random_date()', 0),
(2797, 700, 'DateTime::getTimestamp()', 0),
(2798, 700, 'DateTime::setTimestamp()', 0),
(2799, 701, 'validate_date_format()', 0),
(2800, 701, 'checkdate()', 1),
(2801, 701, 'validate_datetime()', 0),
(2802, 701, 'is_date_format()', 0),
(2803, 702, 'DateTime::createFromFormat()', 1),
(2804, 702, 'convert_date_format()', 0),
(2805, 702, 'change_date_format()', 0),
(2806, 702, 'DateTime::modify()', 0),
(2807, 703, 'date()', 0),
(2808, 703, 'is_weekday()', 0),
(2809, 703, 'DateTime::format()', 0),
(2810, 703, 'DateTime::isWeekday()', 1),
(2811, 704, 'DateTime::diff()', 1),
(2812, 704, 'DateInterval::diff()', 0),
(2813, 704, 'calculate_hours_difference()', 0),
(2814, 704, 'strtotime()', 0),
(2815, 705, 'DateTime::diff()', 1),
(2816, 705, 'DateInterval::diff()', 0),
(2817, 705, 'calculate_minutes_difference()', 0),
(2818, 705, 'strtotime()', 0),
(2819, 706, 'DateTime::diff()', 1),
(2820, 706, 'DateInterval::diff()', 0),
(2821, 706, 'calculate_seconds_difference()', 0),
(2822, 706, 'strtotime()', 0),
(2823, 707, 'DateTime::diff()', 0),
(2824, 707, 'DateInterval::diff()', 1),
(2825, 707, 'calculate_days_difference()', 0),
(2826, 707, 'strtotime()', 0),
(2827, 708, 'DateTime::diff()', 0),
(2828, 708, 'DateInterval::diff()', 0),
(2829, 708, 'calculate_weeks_difference()', 1),
(2830, 708, 'strtotime()', 0),
(2831, 709, 'DateTime::diff()', 0),
(2832, 709, 'DateInterval::diff()', 0),
(2833, 709, 'calculate_months_difference()', 1),
(2834, 709, 'strtotime()', 0),
(2835, 710, 'DateTime::diff()', 0),
(2836, 710, 'DateInterval::diff()', 0),
(2837, 710, 'calculate_years_difference()', 1),
(2838, 710, 'strtotime()', 0),
(2839, 711, 'calculate_session_expiry_time()', 1),
(2840, 711, 'session_cache_expire()', 0),
(2841, 711, 'session_cache_limiter()', 0),
(2842, 711, 'session_set_cookie_params()', 0),
(2843, 712, 'date_default_timezone_set()', 0),
(2844, 712, 'DateTimeZone::__construct()', 0),
(2845, 712, 'DateTime::setTimezone()', 1),
(2846, 712, 'timezone_convert()', 0),
(2847, 713, 'date_default_timezone_get()', 1),
(2848, 713, 'DateTimeZone::getName()', 0),
(2849, 713, 'getTimezoneName()', 0),
(2850, 713, 'timezone_current()', 0),
(2851, 714, 'isset()', 1),
(2852, 714, 'not_null()', 0),
(2853, 714, 'exists()', 0),
(2854, 714, 'has_value()', 0),
(2855, 715, 'empty()', 1),
(2856, 715, 'is_empty()', 0),
(2857, 715, 'has_no_value()', 0),
(2858, 715, 'is_null()', 0),
(2859, 716, 'is_null()', 1),
(2860, 716, 'null()', 0),
(2861, 716, 'is_empty()', 0),
(2862, 716, 'empty()', 0),
(2863, 717, 'is_bool()', 1),
(2864, 717, 'is_boolean()', 0),
(2865, 717, 'bool()', 0),
(2866, 717, 'boolean()', 0),
(2867, 718, 'is_int()', 1),
(2868, 718, 'is_integer()', 0),
(2869, 718, 'int()', 0),
(2870, 718, 'integer()', 0),
(2871, 719, 'is_float()', 1),
(2872, 719, 'is_real()', 0),
(2873, 719, 'float()', 0),
(2874, 719, 'real()', 0),
(2875, 720, 'is_string()', 1),
(2876, 720, 'is_str()', 0),
(2877, 720, 'string()', 0),
(2878, 720, 'str()', 0),
(2879, 721, 'double', 1),
(2880, 721, 'integer', 0),
(2881, 721, 'string', 0),
(2882, 721, 'boolean', 0),
(2883, 722, '$item = (int) “100Laptop”;', 1),
(2884, 722, '$item = “int””100Laptop”;', 0),
(2885, 722, '$item = [int] “100Laptop”;', 0),
(2886, 722, '$item = INT”100Laptop”;', 0),
(2887, 723, 'True hay False', 1),
(2888, 723, 'Equal hay Unequal', 0),
(2889, 723, 'Bigger hay Smaller', 0),
(2890, 723, 'Yes hay None', 0),
(2891, 724, 'Integer', 0),
(2892, 724, 'String', 0),
(2893, 724, 'Single', 1),
(2894, 724, 'Double', 0),
(2895, 725, 'Integer', 0),
(2896, 725, 'Double', 0),
(2897, 725, 'String', 1),
(2898, 725, 'Boolean', 0),
(2899, 726, '$3hello', 0),
(2900, 726, '$this', 0),
(2901, 726, '$_hello', 1),
(2902, 726, 'Tất cả đều không hợp lệ', 0),
(2903, 727, 'int $num = 111;', 0),
(2904, 727, 'int num = 111;', 0),
(2905, 727, '$num = 111;', 1),
(2906, 727, '111 = $num;', 0),
(2907, 728, 'double', 0),
(2908, 728, 'integer', 1),
(2909, 728, 'string', 0),
(2910, 728, 'boolean', 0),
(2911, 729, 'Statically typed', 0),
(2912, 729, 'Dynamically typed', 1),
(2913, 729, 'Typeless', 0),
(2914, 729, 'Weakly typed', 0),
(2915, 730, '%variable', 0),
(2916, 730, '$variable', 1),
(2917, 730, '#variable', 0),
(2918, 730, '&amp;variable', 0),
(2919, 731, 'const CONSTANT_NAME = &quot;value&quot;;', 1),
(2920, 731, 'define CONSTANT_NAME = &quot;value&quot;;', 0),
(2921, 731, 'CONSTANT_NAME = &quot;value&quot;;', 0),
(2922, 731, 'const(&quot;CONSTANT_NAME&quot;, &quot;value&quot;);', 0),
(2923, 732, '&lt;%php', 0),
(2924, 732, '&lt;?php', 1),
(2925, 732, '&lt;?', 0),
(2926, 732, '&lt;php?', 0),
(2927, 733, '%&gt;', 0),
(2928, 733, '?&gt;', 1),
(2929, 733, '&gt;?', 0),
(2930, 733, 'php&gt;', 0),
(2931, 734, 'print()', 0),
(2932, 734, 'echo()', 1),
(2933, 734, 'display()', 0),
(2934, 734, 'show()', 0),
(2935, 735, 'PHP 4', 0),
(2936, 735, 'PHP 5', 1),
(2937, 735, 'PHP 6', 0),
(2938, 735, 'PHP 7', 0),
(2939, 736, 'strpos()', 0),
(2940, 736, 'shuffle()', 0),
(2941, 736, 'sqrt()', 0),
(2942, 736, 'my_custom_function()', 1),
(2943, 737, '&lt;php&gt;...&lt;/php&gt;', 0),
(2944, 737, '&lt;% ... %&gt;', 0),
(2945, 737, '&lt;?php ... ?&gt;', 1),
(2946, 737, '&lt;!php ... !&gt;', 0),
(2947, 738, '$_GET[&#039;parameter_name&#039;]', 1),
(2948, 738, '$GET[&#039;parameter_name&#039;]', 0),
(2949, 738, '$GET.parameter_name', 0),
(2950, 738, '$_GET.parameter_name', 0),
(2951, 739, 'is_string()', 0),
(2952, 739, 'is_int()', 0),
(2953, 739, 'is_type()', 1),
(2954, 739, 'is_float()', 0),
(2955, 740, 'PHP 4.3', 0),
(2956, 740, 'PHP 4.4', 0),
(2957, 740, 'PHP 5.0', 1),
(2958, 740, 'PHP 5.1', 0),
(2959, 741, 'Kết thúc chương trình ngay lập tức', 1),
(2960, 741, 'Ghi lại lỗi vào file log', 0),
(2961, 741, 'Gửi thông báo lỗi qua email', 0),
(2962, 741, 'Hiển thị thông báo lỗi trên trình duyệt', 0),
(2963, 742, 'is_string()', 0),
(2964, 742, 'is_int()', 0),
(2965, 742, 'is_type()', 1),
(2966, 742, 'is_float()', 0),
(2967, 743, '&lt;php&gt;...&lt;/php&gt;', 0),
(2968, 743, '&lt;% ... %&gt;', 0),
(2969, 743, '&lt;?php ... ?&gt;', 1),
(2970, 743, '&lt;!php ... !&gt;', 0),
(2971, 744, 'var_dump()', 0),
(2972, 744, 'print_r()', 0),
(2973, 744, 'debug()', 1),
(2974, 744, 'error_log()', 0),
(2975, 745, '$_POST[&#039;parameter_name&#039;]', 1),
(2976, 745, '$POST[&#039;parameter_name&#039;]', 0),
(2977, 745, '$POST.parameter_name', 0),
(2978, 745, '$_POST.parameter_name', 0),
(2979, 746, 'global $variable;', 1),
(2980, 746, 'use $variable;', 0),
(2981, 746, 'import $variable;', 0),
(2982, 746, 'include $variable;', 0),
(2983, 747, '$_PHP_VERSION', 0),
(2984, 747, '$PHP_VERSION', 0),
(2985, 747, '$_VERSION', 0),
(2986, 747, 'PHP_VERSION', 1),
(2987, 748, 'get_constant()', 0),
(2988, 748, 'constant()', 1),
(2989, 748, 'get_const()', 0),
(2990, 748, 'const_value()', 0),
(2991, 749, '$variable = boolean true;', 0),
(2992, 749, '$variable = (bool) true;', 0),
(2993, 749, '$variable = bool(true);', 0),
(2994, 749, '$variable = true;', 1),
(2995, 750, '+', 0),
(2996, 750, '.', 1),
(2997, 750, '&amp;', 0),
(2998, 750, '*', 0),
(2999, 751, '$array = array(&quot;value1&quot;, &quot;value2&quot;, &quot;value3&quot;);', 1),
(3000, 751, '$array = {&quot;value1&quot;, &quot;value2&quot;, &quot;value3&quot;};', 0),
(3001, 751, '$array = [&quot;value1&quot;, &quot;value2&quot;, &quot;value3&quot;];', 0),
(3002, 751, '$array = (&quot;value1&quot;, &quot;value2&quot;, &quot;value3&quot;);', 0),
(3003, 752, 'count()', 1),
(3004, 752, 'size()', 0),
(3005, 752, 'length()', 0),
(3006, 752, 'sizeof()', 0),
(3007, 753, '$variable = float 3.14;', 0),
(3008, 753, '$variable = (float) 3.14;', 0),
(3009, 753, '$variable = float(3.14);', 0),
(3010, 753, '$variable = 3.14;', 1),
(3011, 754, 'Thêm thẻ &lt;?php ... ?&gt; vào trong tệp CSS', 0),
(3012, 754, 'Tạo một tệp PHP và sử dụng thẻ &lt;?php ... ?&gt; để nhúng mã CSS', 0),
(3013, 754, 'Không thể nhúng mã PHP vào trong tệp CSS', 1),
(3014, 754, 'Sử dụng hàm include() để nhúng tệp CSS vào tệp PHP', 0),
(3015, 755, 'strpos()', 1),
(3016, 755, 'strstr()', 0),
(3017, 755, 'in_string()', 0),
(3018, 755, 'contains()', 0),
(3019, 756, 'substr()', 0),
(3020, 756, 'strlen()', 0),
(3021, 756, 'strstr()', 0),
(3022, 756, 'array_slice()', 1),
(3023, 757, 'trim()', 1),
(3024, 757, 'strip()', 0),
(3025, 757, 'clean()', 0),
(3026, 757, 'remove_whitespace()', 0),
(3027, 758, 'array_push()', 0),
(3028, 758, 'array_pop()', 0),
(3029, 758, 'array_concat()', 1),
(3030, 758, 'array_shift()', 0),
(3031, 759, '&lt;form method=&quot;post&quot; action=&quot;handler.php&quot;&gt;', 1),
(3032, 759, '&lt;form method=&quot;post&quot; href=&quot;handler.php&quot;&gt;', 0),
(3033, 759, '&lt;form type=&quot;post&quot; action=&quot;handler.php&quot;&gt;', 0),
(3034, 759, '&lt;form type=&quot;post&quot; href=&quot;handler.php&quot;&gt;', 0),
(3035, 760, 'hash()', 0),
(3036, 760, 'password_hash()', 1),
(3037, 760, 'md5()', 0),
(3038, 760, 'sha1()', 0),
(3039, 761, 'time()', 1),
(3040, 761, 'now()', 0),
(3041, 761, 'current_time()', 0),
(3042, 761, 'get_time()', 0),
(3043, 762, 'int()', 0),
(3044, 762, 'intval()', 1),
(3045, 762, 'to_integer()', 0),
(3046, 762, 'parse_int()', 0),
(3047, 763, 'is_integer()', 0),
(3048, 763, 'is_int()', 1),
(3049, 763, 'is_number()', 0),
(3050, 763, 'is_numeric()', 0),
(3051, 764, 'start_session();', 0),
(3052, 764, 'session_start();', 1),
(3053, 764, 'begin_session();', 0),
(3054, 764, 'init_session();', 0),
(3055, 765, 'header(&quot;Location: url&quot;);', 1),
(3056, 765, 'redirect(&quot;url&quot;);', 0),
(3057, 765, 'location(&quot;url&quot;);', 0),
(3058, 765, 'goto(&quot;url&quot;);', 0),
(3059, 766, 'exists($variable);', 0),
(3060, 766, 'isset($variable);', 1),
(3061, 766, 'is_defined($variable);', 0),
(3062, 766, 'check($variable);', 0),
(3063, 767, 'parse_url()', 1),
(3064, 767, 'url_parse()', 0),
(3065, 767, 'get_domain()', 0),
(3066, 767, 'domain_name()', 0),
(3067, 768, 'function functionName() { }', 1),
(3068, 768, 'def functionName() { }', 0),
(3069, 768, 'functionName = function() { }', 0),
(3070, 768, 'functionName() { }', 0),
(3071, 769, 'file_get_contents()', 1),
(3072, 769, 'read_file()', 0),
(3073, 769, 'open_file()', 0),
(3074, 769, 'get_file()', 0),
(3075, 770, 'date_default_timezone_set(&quot;timezone&quot;);', 1),
(3076, 770, 'set_timezone(&quot;timezone&quot;);', 0),
(3077, 770, 'timezone(&quot;timezone&quot;);', 0),
(3078, 770, 'set_time_zone(&quot;timezone&quot;);', 0),
(3079, 771, 'when', 0),
(3080, 771, 'if', 1),
(3081, 771, 'test', 0),
(3082, 771, 'check', 0),
(3083, 772, 'switch', 1),
(3084, 772, 'select', 0),
(3085, 772, 'case', 0),
(3086, 772, 'choose', 0),
(3087, 773, 'while', 1),
(3088, 773, 'loop', 0),
(3089, 773, 'repeat', 0),
(3090, 773, 'iterate', 0),
(3091, 774, 'do', 1),
(3092, 774, 'repeat', 0),
(3093, 774, 'until', 0),
(3094, 774, 'again', 0),
(3095, 775, 'for', 1),
(3096, 775, 'loop', 0),
(3097, 775, 'count', 0),
(3098, 775, 'times', 0),
(3099, 776, 'foreach', 1),
(3100, 776, 'each', 0),
(3101, 776, 'iterate', 0),
(3102, 776, 'over', 0),
(3103, 777, 'break', 1),
(3104, 777, 'exit', 0),
(3105, 777, 'stop', 0),
(3106, 777, 'halt', 0),
(3107, 778, 'continue', 1),
(3108, 778, 'skip', 0),
(3109, 778, 'pass', 0),
(3110, 778, 'next', 0),
(3111, 779, 'else', 1),
(3112, 779, 'otherwise', 0),
(3113, 779, 'when_not', 0),
(3114, 779, 'except', 0),
(3115, 780, 'elseif', 1),
(3116, 780, 'else_if', 0),
(3117, 780, 'when', 0),
(3118, 780, 'or_if', 0),
(3119, 781, 'case', 1),
(3120, 781, 'option', 0),
(3121, 781, 'choice', 0),
(3122, 781, 'condition', 0),
(3123, 782, 'default', 1),
(3124, 782, 'else', 0),
(3125, 782, 'fallback', 0),
(3126, 782, 'otherwise', 0),
(3127, 783, 'end', 0),
(3128, 783, 'finish', 0),
(3129, 783, 'close', 0),
(3130, 783, '}', 1),
(3131, 784, 'and', 0),
(3132, 784, '&amp;&amp;', 1),
(3133, 784, '&amp;', 0),
(3134, 784, 'both', 0),
(3135, 785, 'or', 0),
(3136, 785, '||', 1),
(3137, 785, '|', 0),
(3138, 785, 'either', 0),
(3139, 786, 'not', 0),
(3140, 786, '!', 1),
(3141, 786, '~', 0),
(3142, 786, 'invert', 0),
(3143, 787, 'while', 1),
(3144, 787, 'for', 0),
(3145, 787, 'do-while', 0),
(3146, 787, 'foreach', 0),
(3147, 788, 'for', 0),
(3148, 788, 'while', 0),
(3149, 788, 'do-while', 1),
(3150, 788, 'foreach', 0),
(3151, 789, 'for', 1),
(3152, 789, 'while', 0),
(3153, 789, 'do-while', 0),
(3154, 789, 'foreach', 0),
(3155, 790, 'for', 0),
(3156, 790, 'while', 0),
(3157, 790, 'do-while', 0),
(3158, 790, 'foreach', 1),
(3159, 791, 'as', 1),
(3160, 791, 'in', 0),
(3161, 791, 'with', 0),
(3162, 791, 'by', 0),
(3163, 792, 'count()', 1),
(3164, 792, 'length()', 0),
(3165, 792, 'size()', 0),
(3166, 792, 'num_elements()', 0),
(3167, 793, '++', 1),
(3168, 793, '+=', 0),
(3169, 793, 'up', 0),
(3170, 793, 'increment', 0),
(3171, 794, '--', 1),
(3172, 794, '-=', 0),
(3173, 794, 'down', 0),
(3174, 794, 'decrement', 0),
(3175, 795, 'foreach ($array as $key =&gt; $value)', 1),
(3176, 795, 'foreach ($array as $value =&gt; $key)', 0),
(3177, 795, 'foreach ($array as $value)', 0),
(3178, 795, 'foreach ($key as $array =&gt; $value)', 0),
(3179, 796, 'Dùng break', 1),
(3180, 796, 'Dùng exit', 0),
(3181, 796, 'Dùng stop', 0),
(3182, 796, 'Dùng halt', 0),
(3183, 797, 'Dùng continue', 1),
(3184, 797, 'Dùng skip', 0),
(3185, 797, 'Dùng pass', 0),
(3186, 797, 'Dùng next', 0),
(3187, 798, 'Dùng nested foreach loops', 1),
(3188, 798, 'Dùng một vòng lặp foreach duy nhất', 0),
(3189, 798, 'Dùng vòng lặp for', 0),
(3190, 798, 'Không thể lặp qua mảng nhiều chiều bằng foreach', 0),
(3191, 799, 'Dùng hàm count() để định nghĩa điều kiện lặp', 1),
(3192, 799, 'Dùng hàm sizeof() để định nghĩa điều kiện lặp', 0),
(3193, 799, 'Dùng hàm array_length() để định nghĩa điều kiện lặp', 0),
(3194, 799, 'Không thể lặp qua mảng không xác định số lượng phần tử bằng vòng lặp for', 0),
(3195, 800, 'get_value()', 0),
(3196, 800, 'value_at()', 1),
(3197, 800, 'array_value()', 0),
(3198, 800, 'array_key_value()', 0),
(3199, 801, 'for', 0),
(3200, 801, 'while', 0),
(3201, 801, 'do-while', 0),
(3202, 801, 'Tất cả đều đúng', 1),
(3203, 802, 'Dùng hàm array_walk()', 1),
(3204, 802, 'Dùng hàm array_map()', 0),
(3205, 802, 'Dùng hàm array_filter()', 0),
(3206, 802, 'Dùng hàm array_reduce()', 0),
(3207, 803, 'break', 1),
(3208, 803, 'exit', 0),
(3209, 803, 'stop', 0),
(3210, 803, 'halt', 0),
(3211, 804, 'continue', 1),
(3212, 804, 'skip', 0),
(3213, 804, 'pass', 0),
(3214, 804, 'next', 0),
(3215, 805, 'Dùng hàm array_keys() để lấy danh sách các key và dùng vòng lặp for để lặp qua danh sách key đó', 1),
(3216, 805, 'Dùng hàm array_values() để lấy danh sách các giá trị và dùng vòng lặp for để lặp qua danh sách giá trị đó', 0),
(3217, 805, 'Dùng hàm array_combine() để tạo một mảng mới và dùng vòng lặp for để lặp qua mảng mới đó', 0),
(3218, 805, 'Không thể lặp qua mảng có key không liên tục bằng vòng lặp for', 0),
(3219, 806, 'while (true)', 0),
(3220, 806, 'for (;;)', 0),
(3221, 806, 'do {} while (true)', 0),
(3222, 806, 'Tất cả đều đúng', 1),
(3223, 807, 'Dùng hàm array_keys() để lấy danh sách các key và dùng vòng lặp for để lặp qua danh sách key đó', 1),
(3224, 807, 'Dùng hàm array_values() để lấy danh sách các giá trị và dùng vòng lặp for để lặp qua danh sách giá trị đó', 0),
(3225, 807, 'Dùng hàm array_combine() để tạo một mảng mới và dùng vòng lặp for để lặp qua mảng mới đó', 0),
(3226, 807, 'Không thể lặp qua mảng có key dạng chuỗi bằng vòng lặp for', 0),
(3227, 808, 'Dùng hàm array_walk() kết hợp với một hàm kiểm tra điều kiện', 0),
(3228, 808, 'Dùng hàm array_map() kết hợp với một hàm kiểm tra điều kiện', 0),
(3229, 808, 'Dùng hàm array_filter() kết hợp với một hàm kiểm tra điều kiện', 1),
(3230, 808, 'Dùng hàm array_reduce() kết hợp với một hàm kiểm tra điều kiện', 0),
(3231, 809, 'for', 0),
(3232, 809, 'while', 0),
(3233, 809, 'do-while', 0),
(3234, 809, 'foreach', 1),
(3235, 810, 'for', 0),
(3236, 810, 'while', 0),
(3237, 810, 'do-while', 0),
(3238, 810, 'Không có câu trả lời đúng', 1),
(3239, 811, 'foreach ($array as $key =&gt; $value)', 0),
(3240, 811, 'foreach ($array as $value)', 1),
(3241, 811, 'foreach ($array as $key)', 0),
(3242, 811, 'foreach ($array as $key =&gt; &amp;$value)', 0),
(3243, 812, '$array = array(&quot;apple&quot;, &quot;banana&quot;, &quot;cherry&quot;);', 1),
(3244, 812, '$array = array(&quot;fruit1&quot; =&gt; &quot;apple&quot;, &quot;fruit2&quot; =&gt; &quot;banana&quot;, &quot;fruit3&quot; =&gt; &quot;cherry&quot;);', 0),
(3245, 812, '$array = array(0 =&gt; &quot;apple&quot;, &quot;fruit&quot; =&gt; &quot;banana&quot;, 2 =&gt; &quot;cherry&quot;);', 0),
(3246, 812, '$array = array(3 =&gt; &quot;apple&quot;, 1 =&gt; &quot;banana&quot;, 0 =&gt; &quot;cherry&quot;);', 0),
(3247, 813, '$array = array(&quot;apple&quot;, &quot;banana&quot;, &quot;cherry&quot;);', 0),
(3248, 813, '$array = array(&quot;fruit1&quot; =&gt; &quot;apple&quot;, &quot;fruit2&quot; =&gt; &quot;banana&quot;, &quot;fruit3&quot; =&gt; &quot;cherry&quot;);', 1),
(3249, 813, '$array = array(0 =&gt; &quot;apple&quot;, &quot;fruit&quot; =&gt; &quot;banana&quot;, 2 =&gt; &quot;cherry&quot;);', 0),
(3250, 813, '$array = array(3 =&gt; &quot;apple&quot;, 1 =&gt; &quot;banana&quot;, 0 =&gt; &quot;cherry&quot;);', 0),
(3251, 814, '$array = array(array(1, 2, 3), array(4, 5, 6), array(7, 8, 9));', 0),
(3252, 814, '$array = array(&quot;row1&quot; =&gt; array(1, 2, 3), &quot;row2&quot; =&gt; array(4, 5, 6), &quot;row3&quot; =&gt; array(7, 8, 9));', 0),
(3253, 814, '$array = array(&quot;col1&quot; =&gt; array(1, 4, 7), &quot;col2&quot; =&gt; array(2, 5, 8), &quot;col3&quot; =&gt; array(3, 6, 9));', 0),
(3254, 814, 'Tất cả đều đúng', 1),
(3255, 815, 'count()', 0),
(3256, 815, 'sizeof()', 0),
(3257, 815, 'array_length()', 0),
(3258, 815, 'Cả A và B đều đúng', 1),
(3259, 816, 'is_array()', 1),
(3260, 816, 'is_assoc()', 0),
(3261, 816, 'is_indexed()', 0),
(3262, 816, 'is_list()', 0),
(3263, 817, 'is_array()', 0),
(3264, 817, 'is_assoc()', 0),
(3265, 817, 'is_indexed()', 1),
(3266, 817, 'is_list()', 0),
(3267, 818, 'array_append()', 0),
(3268, 818, 'array_push()', 1),
(3269, 818, 'array_add()', 0),
(3270, 818, 'array_insert()', 0),
(3271, 819, 'array_unshift()', 1),
(3272, 819, 'array_prepend()', 0),
(3273, 819, 'array_add_start()', 0),
(3274, 819, 'array_insert_start()', 0),
(3275, 820, 'array_shift()', 1),
(3276, 820, 'array_pop()', 0),
(3277, 820, 'array_remove_start()', 0),
(3278, 820, 'array_remove_first()', 0),
(3279, 821, 'array_shift()', 0),
(3280, 821, 'array_pop()', 1),
(3281, 821, 'array_remove_end()', 0),
(3282, 821, 'array_remove_last()', 0),
(3283, 822, 'in_array()', 1),
(3284, 822, 'array_search()', 0),
(3285, 822, 'array_exists()', 0),
(3286, 822, 'array_contains()', 0),
(3287, 823, 'array_find()', 0),
(3288, 823, 'array_index()', 0),
(3289, 823, 'array_position()', 0),
(3290, 823, 'array_search()', 1),
(3291, 824, 'sort()', 1),
(3292, 824, 'rsort()', 0),
(3293, 824, 'asort()', 0),
(3294, 824, 'ksort()', 0),
(3295, 825, 'sort()', 0),
(3296, 825, 'rsort()', 0),
(3297, 825, 'asort()', 1),
(3298, 825, 'ksort()', 0),
(3299, 826, 'sort()', 0),
(3300, 826, 'rsort()', 0),
(3301, 826, 'asort()', 0),
(3302, 826, 'ksort()', 1),
(3303, 827, 'array_merge()', 1),
(3304, 827, 'array_combine()', 0),
(3305, 827, 'array_join()', 0),
(3306, 827, 'array_concat()', 0),
(3307, 828, 'array_merge()', 0),
(3308, 828, 'array_combine()', 1),
(3309, 828, 'array_join()', 0),
(3310, 828, 'array_concat()', 0),
(3311, 829, 'array_filter()', 1),
(3312, 829, 'array_map()', 0),
(3313, 829, 'array_walk()', 0),
(3314, 829, 'array_search()', 0),
(3315, 830, 'array_filter()', 0),
(3316, 830, 'array_map()', 1),
(3317, 830, 'array_walk()', 0),
(3318, 830, 'array_search()', 0),
(3319, 831, 'is_assoc()', 1),
(3320, 831, 'is_array()', 0),
(3321, 831, 'is_indexed()', 0),
(3322, 831, 'is_list()', 0),
(3323, 832, 'is_multidimensional()', 0),
(3324, 832, 'is_array_multidimensional()', 0),
(3325, 832, 'array_is_multidimensional()', 0),
(3326, 832, 'Không có hàm nào trong PHP để kiểm tra điều này', 1),
(3327, 833, 'array_split()', 0),
(3328, 833, 'array_chunk()', 1),
(3329, 833, 'array_divide()', 0),
(3330, 833, 'array_slice()', 0),
(3331, 834, 'array_split()', 0),
(3332, 834, 'array_chunk()', 0),
(3333, 834, 'array_divide()', 0),
(3334, 834, 'array_slice()', 1),
(3335, 835, 'array_walk()', 0),
(3336, 835, 'array_map()', 0),
(3337, 835, 'array_reduce()', 1),
(3338, 835, 'array_accumulate()', 0),
(3339, 836, 'array_unique()', 1),
(3340, 836, 'array_deduplicate()', 0),
(3341, 836, 'array_distinct()', 0),
(3342, 836, 'array_remove_duplicates()', 0),
(3343, 837, 'array_intersect()', 1),
(3344, 837, 'array_merge()', 0),
(3345, 837, 'array_combine()', 0),
(3346, 837, 'array_union()', 0),
(3347, 838, 'array_intersect()', 0),
(3348, 838, 'array_merge()', 1),
(3349, 838, 'array_combine()', 0),
(3350, 838, 'array_union()', 0),
(3351, 839, 'array_reverse()', 1),
(3352, 839, 'array_flip()', 0),
(3353, 839, 'array_invert()', 0),
(3354, 839, 'array_swap()', 0),
(3355, 840, 'array_reverse()', 0),
(3356, 840, 'array_flip()', 1),
(3357, 840, 'array_invert()', 0),
(3358, 840, 'array_swap()', 0),
(3359, 841, 'array_keys()', 1),
(3360, 841, 'array_values()', 0),
(3361, 841, 'array_extract_keys()', 0),
(3362, 841, 'array_get_keys()', 0),
(3363, 842, 'array_keys()', 0),
(3364, 842, 'array_values()', 1),
(3365, 842, 'array_extract_values()', 0),
(3366, 842, 'array_get_values()', 0),
(3367, 843, 'max()', 1),
(3368, 843, 'array_max()', 0),
(3369, 843, 'array_maximum()', 0),
(3370, 843, 'largest()', 0),
(3371, 844, 'min()', 1),
(3372, 844, 'array_min()', 0),
(3373, 844, 'array_minimum()', 0),
(3374, 844, 'smallest()', 0),
(3375, 845, 'count()', 0),
(3376, 845, 'sizeof()', 0),
(3377, 845, 'array_count()', 0),
(3378, 845, 'Cả A và B đều đúng', 1),
(3379, 846, 'array_most_common()', 0),
(3380, 846, 'array_mode()', 0),
(3381, 846, 'array_majority()', 0),
(3382, 846, 'Không có hàm nào trong PHP để thực hiện việc này', 1),
(3383, 847, 'array_rand()', 1),
(3384, 847, 'array_shuffle()', 0),
(3385, 847, 'array_random()', 0),
(3386, 847, 'array_sample()', 0),
(3387, 848, 'array_rand()', 0),
(3388, 848, 'array_shuffle()', 1),
(3389, 848, 'array_random()', 0),
(3390, 848, 'array_sample()', 0),
(3391, 849, 'Một phần của đối tượng', 0),
(3392, 849, 'Một cấu trúc dữ liệu', 0),
(3393, 849, 'Một khối mã được đặt tên và sử dụng để thực hiện một tác vụ cụ thể', 1),
(3394, 849, 'Một hằng số được định nghĩa trong một lớp', 0),
(3395, 850, 'function myFunction() {}', 1),
(3396, 850, 'def myFunction() {}', 0),
(3397, 850, 'procedure myFunction() {}', 0),
(3398, 850, 'func myFunction() {}', 0),
(3399, 851, '1', 0),
(3400, 851, '2', 0),
(3401, 851, 'Nhiều', 0),
(3402, 851, 'Không giới hạn', 1),
(3403, 852, 'return giá_trị;', 1),
(3404, 852, 'trả_về giá_trị;', 0),
(3405, 852, 'yield giá_trị;', 0),
(3406, 852, 'output giá_trị;', 0),
(3407, 853, 'function_name();', 1),
(3408, 853, 'call function_name();', 0),
(3409, 853, 'execute function_name();', 0),
(3410, 853, 'run function_name();', 0),
(3411, 854, 'function_exists()', 1),
(3412, 854, 'exists_function()', 0),
(3413, 854, 'check_function()', 0),
(3414, 854, 'test_function()', 0),
(3415, 855, 'function_defined()', 1),
(3416, 855, 'defined_function()', 0),
(3417, 855, 'check_defined()', 0),
(3418, 855, 'test_defined()', 0),
(3419, 856, 'function myFunction($param1, $param2 = &#039;default_value&#039;) {}', 0),
(3420, 856, 'function myFunction($param1, $param2) {}', 0),
(3421, 856, 'function myFunction($param1 = &#039;default_value&#039;, $param2 = &#039;default_value&#039;) {}', 1),
(3422, 856, 'function myFunction($param1, $param2 = null) {}', 0),
(3423, 857, 'Truyền giá trị của biến vào hàm', 0),
(3424, 857, 'Truyền địa chỉ của biến vào hàm', 1),
(3425, 857, 'Truyền tên của biến vào hàm', 0),
(3426, 857, 'Không thể sử dụng hàm có tham số biến trong PHP', 0),
(3427, 858, 'string_length()', 1),
(3428, 858, 'length()', 0),
(3429, 858, 'count_string()', 0),
(3430, 859, 'uniqid()', 0),
(3431, 859, 'rand_string()', 0),
(3432, 859, 'random_string()', 1),
(3433, 859, 'generate_string()', 0),
(3434, 860, 'substr()', 1),
(3435, 860, 'get_substring()', 0),
(3436, 860, 'extract_string()', 0),
(3437, 860, 'cut_string()', 0),
(3438, 861, 'str_replace()', 0),
(3439, 861, 'replace_space_with_dash()', 1),
(3440, 861, 'substitute_whitespace_with_dash()', 0),
(3441, 861, 'swap_space_with_dash()', 0),
(3442, 862, 'strtoupper()', 1),
(3443, 862, 'to_upper()', 0),
(3444, 862, 'convert_to_upper()', 0),
(3445, 862, 'string_to_upper()', 0),
(3446, 863, 'rawurldecode()', 1),
(3447, 863, 'decode_safe_url()', 0),
(3448, 863, 'convert_from_safe_url()', 0),
(3449, 863, 'safe_url_to_string()', 0),
(3450, 864, 'rawurlencode()', 1),
(3451, 864, 'url_encode_safe()', 0),
(3452, 864, 'convert_to_safe_url()', 0),
(3453, 864, 'string_to_safe_url()', 0),
(3454, 865, 'strip_tags()', 1),
(3455, 865, 'remove_tags()', 0),
(3456, 865, 'clear_html()', 0),
(3457, 865, 'delete_html()', 0),
(3458, 866, 'htmlentities()', 1),
(3459, 866, 'encode_html()', 0),
(3460, 866, 'convert_to_html()', 0),
(3461, 866, 'string_to_html()', 0),
(3462, 867, 'html_entity_decode()', 1),
(3463, 867, 'decode_html()', 0),
(3464, 867, 'convert_from_html()', 0),
(3465, 867, 'html_to_string()', 0),
(3466, 868, 'strlen()', 1),
(3467, 868, 'length()', 0),
(3468, 868, 'size()', 0),
(3469, 868, 'count()', 0),
(3470, 869, 'strtoupper()', 1),
(3471, 869, 'to_uppercase()', 0),
(3472, 869, 'convert_to_upper()', 0),
(3473, 869, 'upper_string()', 0),
(3474, 870, 'strtolower()', 1),
(3475, 870, 'to_lowercase()', 0),
(3476, 870, 'convert_to_lower()', 0),
(3477, 870, 'lower_string()', 0),
(3478, 871, 'explode()', 1),
(3479, 871, 'split()', 0),
(3480, 871, 'cut()', 0),
(3481, 871, 'divide()', 0),
(3482, 872, 'concatenate()', 0),
(3483, 872, 'merge()', 0),
(3484, 872, 'join()', 0),
(3485, 872, 'implode()', 1),
(3486, 873, 'substr()', 1),
(3487, 873, 'sub()', 0),
(3488, 873, 'get_substring()', 0),
(3489, 873, 'extract_string()', 0),
(3490, 874, 'trim()', 1),
(3491, 874, 'remove_spaces()', 0),
(3492, 874, 'delete_whitespace()', 0),
(3493, 874, 'clear_string()', 0),
(3494, 875, 'strpos()', 1),
(3495, 875, 'find()', 0),
(3496, 875, 'locate()', 0),
(3497, 875, 'search()', 0),
(3498, 876, 'str_replace()', 1),
(3499, 876, 'replace()', 0),
(3500, 876, 'substitute()', 0),
(3501, 876, 'swap()', 0),
(3502, 877, 'urlencode()', 1),
(3503, 877, 'encode_url()', 0),
(3504, 877, 'url_convert()', 0),
(3505, 877, 'convert_to_url()', 0),
(3506, 878, 'urldecode()', 1),
(3507, 878, 'decode_url()', 0),
(3508, 878, 'url_to_string()', 0),
(3509, 878, 'convert_url_to_string()', 0),
(3510, 879, 'md5()', 1),
(3511, 879, 'encode_md5()', 0),
(3512, 879, 'hash()', 0),
(3513, 879, 'encrypt()', 0),
(3514, 880, 'sha1()', 1),
(3515, 880, 'encode_sha1()', 0),
(3516, 880, 'hash()', 0),
(3517, 880, 'encrypt()', 0),
(3518, 881, 'hash()', 1),
(3519, 881, 'sha256()', 0),
(3520, 881, 'encode_sha256()', 0),
(3521, 881, 'encrypt()', 0),
(3522, 882, 'password_hash()', 1),
(3523, 882, 'bcrypt()', 0),
(3524, 882, 'hash_password()', 0),
(3525, 882, 'encrypt_password()', 0),
(3526, 883, 'strncmp()', 0),
(3527, 883, 'starts_with()', 1),
(3528, 883, 'compare_beginning()', 0),
(3529, 883, 'check_beginning()', 0),
(3530, 884, 'strcmp()', 0),
(3531, 884, 'ends_with()', 1),
(3532, 884, 'compare_ending()', 0),
(3533, 884, 'check_ending()', 0),
(3534, 885, 'bin2hex()', 0),
(3535, 885, 'random_string()', 0),
(3536, 885, 'generate_string()', 0),
(3537, 885, 'openssl_random_pseudo_bytes()', 1),
(3538, 886, 'intval()', 1),
(3539, 886, 'to_integer()', 0),
(3540, 886, 'convert_to_int()', 0),
(3541, 886, 'string_to_int()', 0),
(3542, 887, 'strval()', 1),
(3543, 887, 'to_string()', 0),
(3544, 887, 'convert_to_string()', 0),
(3545, 887, 'int_to_string()', 0),
(3546, 888, 'sprintf()', 1),
(3547, 888, 'format()', 0),
(3548, 888, 'string_format()', 0),
(3549, 888, 'set_format()', 0),
(3550, 889, 'strstr()', 1),
(3551, 889, 'string_exists()', 0),
(3552, 889, 'check_string()', 0),
(3553, 889, 'find_string()', 0),
(3554, 890, 'substr_replace()', 1),
(3555, 890, 'replace_first()', 0),
(3556, 890, 'substitute_first()', 0),
(3557, 890, 'swap_first()', 0),
(3558, 891, 'strrev()', 1),
(3559, 891, 'reverse_string()', 0),
(3560, 891, 'invert_string()', 0),
(3561, 891, 'flip_string()', 0),
(3562, 892, 'preg_replace()', 0),
(3563, 892, 'replace_numeric()', 0),
(3564, 892, 'get_numbers()', 0),
(3565, 892, 'filter_var()', 1),
(3566, 893, 'preg_replace()', 0),
(3567, 893, 'replace_alpha()', 0),
(3568, 893, 'get_letters()', 0),
(3569, 893, 'filter_var()', 1),
(3570, 894, 'preg_replace()', 0),
(3571, 894, 'replace_alphanumeric()', 0),
(3572, 894, 'get_alphanumeric()', 0),
(3573, 894, 'filter_var()', 1),
(3574, 895, 'preg_replace()', 0),
(3575, 895, 'remove_non_alphanumeric()', 0),
(3576, 895, 'strip_tags()', 0),
(3577, 895, 'filter_var()', 1),
(3578, 896, 'str_word_count()', 1),
(3579, 896, 'word_count()', 0),
(3580, 896, 'count_words()', 0),
(3581, 896, 'string_word_count()', 0),
(3582, 897, 'number_format()', 1),
(3583, 897, 'currency_format()', 0),
(3584, 897, 'convert_to_currency()', 0),
(3585, 897, 'string_to_currency()', 0),
(3586, 898, 'str_word_count()', 0),
(3587, 898, 'reverse_words()', 1),
(3588, 898, 'invert_words()', 0),
(3589, 898, 'flip_words()', 0),
(3590, 899, 'urlencode()', 1),
(3591, 899, 'url_encode()', 0),
(3592, 899, 'convert_to_url()', 0),
(3593, 899, 'url_convert()', 0),
(3594, 900, 'urldecode()', 1),
(3595, 900, 'decode_url()', 0),
(3596, 900, 'url_to_string()', 0),
(3597, 900, 'convert_url_to_string()', 0),
(3598, 901, 'base64_encode()', 1),
(3599, 901, 'encode_base64()', 0),
(3600, 901, 'convert_to_base64()', 0),
(3601, 901, 'string_to_base64()', 0),
(3602, 902, 'base64_decode()', 1),
(3603, 902, 'decode_base64()', 0),
(3604, 902, 'convert_from_base64()', 0),
(3605, 902, 'base64_to_string()', 0),
(3606, 903, 'explode()', 1),
(3607, 903, 'split()', 0),
(3608, 903, 'cut()', 0),
(3609, 903, 'divide()', 0),
(3610, 904, 'implode()', 1),
(3611, 904, 'join()', 0),
(3612, 904, 'combine()', 0),
(3613, 904, 'merge()', 0),
(3614, 905, 'str_replace()', 1),
(3615, 905, 'replace_newline()', 0),
(3616, 905, 'substitute_linebreak()', 0),
(3617, 905, 'swap_line()', 0),
(3618, 906, 'str_replace()', 1),
(3619, 906, 'replace_space()', 0),
(3620, 906, 'substitute_whitespace()', 0),
(3621, 906, 'swap_space()', 0),
(3622, 907, 'strpos()', 1),
(3623, 907, 'find_string()', 0),
(3624, 907, 'locate_substring()', 0),
(3625, 907, 'search_string()', 0),
(3626, 908, 'strrpos()', 1),
(3627, 908, 'find_last_string()', 0),
(3628, 908, 'locate_last_substring()', 0),
(3629, 908, 'search_last_string()', 0),
(3630, 909, 'substr()', 1),
(3631, 909, 'get_substring()', 0),
(3632, 909, 'extract_string()', 0),
(3633, 909, 'cut_string()', 0),
(3634, 910, 'substr()', 1),
(3635, 910, 'get_substring()', 0),
(3636, 910, 'extract_string()', 0),
(3637, 910, 'cut_string()', 0),
(3638, 911, 'empty()', 1),
(3639, 911, 'is_empty()', 0),
(3640, 911, 'check_empty()', 0),
(3641, 911, 'has_value()', 0),
(3642, 912, 'ctype_space()', 1),
(3643, 912, 'has_space()', 0),
(3644, 912, 'check_whitespace()', 0),
(3645, 912, 'contains_whitespace()', 0),
(3646, 913, 'trim()', 1),
(3647, 913, 'remove_space()', 0),
(3648, 913, 'clear_whitespace()', 0),
(3649, 913, 'delete_space()', 0),
(3650, 914, 'ltrim()', 1),
(3651, 914, 'remove_left_space()', 0),
(3652, 914, 'clear_left_whitespace()', 0),
(3653, 914, 'delete_left_space()', 0),
(3654, 915, 'rtrim()', 1),
(3655, 915, 'remove_right_space()', 0),
(3656, 915, 'clear_right_whitespace()', 0),
(3657, 915, 'delete_right_space()', 0),
(3658, 916, 'strtolower()', 1),
(3659, 916, 'to_lower()', 0),
(3660, 916, 'convert_to_lower()', 0),
(3661, 916, 'string_to_lower()', 0),
(3662, 917, 'strpos()', 0),
(3663, 917, 'strstr()', 0),
(3664, 917, 'str_contains()', 1),
(3665, 917, 'str_search()', 0),
(3666, 918, 'strstr()', 1),
(3667, 918, 'strpos()', 0),
(3668, 918, 'str_find()', 0),
(3669, 918, 'str_locate()', 0),
(3670, 919, 'str_starts_with()', 1),
(3671, 919, 'startswith()', 0),
(3672, 919, 'str_begin()', 0),
(3673, 919, 'str_check_start()', 0),
(3674, 920, 'str_ends_with()', 1),
(3675, 920, 'endswith()', 0),
(3676, 920, 'str_finish()', 0),
(3677, 920, 'str_check_end()', 0),
(3678, 921, 'str_replace()', 1),
(3679, 921, 'replace_string()', 0),
(3680, 921, 'substitute_string()', 0),
(3681, 921, 'swap_string()', 0),
(3682, 922, 'str_split()', 1),
(3683, 922, 'split_string()', 0),
(3684, 922, 'convert_to_array()', 0),
(3685, 922, 'string_to_array()', 0),
(3686, 923, 'str_repeat()', 1),
(3687, 923, 'repeat_string()', 0),
(3688, 923, 'duplicate_string()', 0),
(3689, 923, 'copy_string()', 0),
(3690, 924, 'strrchr()', 1),
(3691, 924, 'str_find_last()', 0),
(3692, 924, 'str_locate_last()', 0),
(3693, 924, 'str_last()', 0),
(3694, 925, 'number_format()', 1),
(3695, 925, 'format_number()', 0),
(3696, 925, 'convert_to_currency()', 0),
(3697, 925, 'string_to_currency()', 0),
(3698, 926, 'htmlspecialchars()', 1),
(3699, 926, 'encode_string()', 0),
(3700, 926, 'convert_to_html()', 0),
(3701, 926, 'escape_string()', 0),
(3702, 927, 'stripslashes()', 1),
(3703, 927, 'remove_special_chars()', 0),
(3704, 927, 'clear_special_chars()', 0),
(3705, 927, 'delete_special_chars()', 0),
(3706, 928, 'urlencode()', 1),
(3707, 928, 'encode_url()', 0),
(3708, 928, 'convert_to_url()', 0),
(3709, 928, 'string_to_url()', 0),
(3710, 929, 'urldecode()', 1),
(3711, 929, 'decode_url()', 0),
(3712, 929, 'convert_from_url()', 0),
(3713, 929, 'string_from_url()', 0),
(3714, 930, 'bin2hex()', 1),
(3715, 930, 'hex_string()', 0),
(3716, 930, 'convert_to_hex()', 0),
(3717, 930, 'string_to_hex()', 0),
(3718, 931, 'hex2bin()', 1),
(3719, 931, 'string_from_hex()', 0),
(3720, 931, 'decode_hex()', 0),
(3721, 931, 'convert_from_hex()', 0),
(3722, 932, 'strtoupper()', 0),
(3723, 932, 'rand_string_upper()', 0),
(3724, 932, 'random_string_upper()', 1),
(3725, 932, 'generate_string_upper()', 0),
(3726, 933, 'strtolower()', 0),
(3727, 933, 'rand_string_lower()', 0),
(3728, 933, 'random_string_lower()', 1),
(3729, 933, 'generate_string_lower()', 0),
(3730, 934, 'rand_string_numbers()', 0),
(3731, 934, 'random_string_numbers()', 0),
(3732, 934, 'generate_string_numbers()', 1),
(3733, 934, 'num_string()', 0),
(3734, 935, 'str_ireplace()', 1),
(3735, 935, 'str_replace_all()', 0),
(3736, 935, 'replace_word()', 0),
(3737, 935, 'replace_all()', 0),
(3738, 936, 'str_starts_with()', 1),
(3739, 936, 'startswith()', 0),
(3740, 936, 'str_begin()', 0),
(3741, 936, 'str_check_start()', 0),
(3742, 937, 'str_ends_with()', 1),
(3743, 937, 'endswith()', 0),
(3744, 937, 'str_finish()', 0),
(3745, 937, 'str_check_end()', 0),
(3746, 938, 'base64_encode()', 1),
(3747, 938, 'encode_base64()', 0),
(3748, 938, 'convert_to_base64()', 0),
(3749, 938, 'string_to_base64()', 0),
(3750, 939, 'base64_decode()', 1),
(3751, 939, 'decode_base64()', 0),
(3752, 939, 'convert_from_base64()', 0),
(3753, 939, 'string_from_base64()', 0),
(3754, 940, 'utf8_encode()', 1),
(3755, 940, 'encode_utf8()', 0),
(3756, 940, 'convert_to_utf8()', 0),
(3757, 940, 'string_to_utf8()', 0),
(3758, 941, 'utf8_decode()', 1),
(3759, 941, 'decode_utf8()', 0),
(3760, 941, 'convert_from_utf8()', 0),
(3761, 941, 'string_from_utf8()', 0),
(3762, 942, 'ascii()', 1),
(3763, 942, 'convert_to_ascii()', 0),
(3764, 942, 'string_to_ascii()', 0),
(3765, 942, 'to_ascii()', 0),
(3766, 943, 'ctype_digit()', 1),
(3767, 943, 'is_digit()', 0),
(3768, 943, 'check_number()', 0),
(3769, 943, 'is_numeric()', 0),
(3770, 944, 'ctype_alpha()', 1),
(3771, 944, 'is_alpha()', 0),
(3772, 944, 'check_letters()', 0),
(3773, 944, 'is_string()', 0),
(3774, 945, 'ctype_alnum()', 1),
(3775, 945, 'is_alnum()', 0),
(3776, 945, 'check_alpha_num()', 0),
(3777, 945, 'is_string_alnum()', 0),
(3778, 946, 'ctype_lower()', 1),
(3779, 946, 'is_lower()', 0),
(3780, 946, 'check_lowercase()', 0),
(3781, 946, 'is_string_lower()', 0),
(3782, 947, 'ctype_upper()', 1),
(3783, 947, 'is_upper()', 0),
(3784, 947, 'check_uppercase()', 0),
(3785, 947, 'is_string_upper()', 0),
(3786, 948, 'ctype_xdigit()', 1),
(3787, 948, 'is_xdigit()', 0),
(3788, 948, 'check_hexadecimal()', 0),
(3789, 948, 'is_string_xdigit()', 0),
(3790, 949, 'strrev()', 1),
(3791, 949, 'reverse_string()', 0),
(3792, 949, 'flip_string()', 0),
(3793, 949, 'invert_string()', 0),
(3794, 950, 'substr()', 1),
(3795, 950, 'get_string_part()', 0),
(3796, 950, 'extract_string()', 0),
(3797, 950, 'string_section()', 0),
(3798, 951, 'substr()', 1),
(3799, 951, 'get_string_part_last()', 0),
(3800, 951, 'extract_string_last()', 0),
(3801, 951, 'string_section_last()', 0),
(3802, 952, 'substr()', 1),
(3803, 952, 'get_string_part_end()', 0),
(3804, 952, 'extract_string_end()', 0),
(3805, 952, 'string_section_end()', 0),
(3806, 953, 'trim()', 1),
(3807, 953, 'strip_string()', 0),
(3808, 953, 'clear_string()', 0),
(3809, 953, 'remove_spaces()', 0),
(3810, 954, 'ltrim()', 1),
(3811, 954, 'remove_left_spaces()', 0),
(3812, 954, 'clear_left_string()', 0),
(3813, 954, 'strip_left_string()', 0),
(3814, 955, 'object', 0),
(3815, 955, 'new', 1),
(3816, 955, 'instance', 0),
(3817, 955, 'create', 0),
(3818, 956, 'extends', 1),
(3819, 956, 'inherits', 0),
(3820, 956, 'implements', 0),
(3821, 956, 'interfaces', 0),
(3822, 957, 'this', 0),
(3823, 957, 'self', 0),
(3824, 957, 'parent', 0),
(3825, 957, 'đối tượng không cần từ khóa để gọi phương thức', 1),
(3826, 958, '__construct()', 1),
(3827, 958, '__init__()', 0),
(3828, 958, '__create()', 0),
(3829, 958, '__start()', 0),
(3830, 959, '__destruct()', 1),
(3831, 959, '__delete()', 0),
(3832, 959, '__remove()', 0),
(3833, 959, '__end()', 0),
(3834, 960, 'this', 0),
(3835, 960, 'self', 0),
(3836, 960, 'static', 1),
(3837, 960, 'global', 0),
(3838, 961, 'get()', 0),
(3839, 961, 'set()', 1),
(3840, 961, 'init()', 0),
(3841, 961, 'create()', 0),
(3842, 962, 'get()', 1),
(3843, 962, 'set()', 0),
(3844, 962, 'init()', 0),
(3845, 962, 'create()', 0),
(3846, 963, 'private', 0),
(3847, 963, 'protected', 1),
(3848, 963, 'public', 0),
(3849, 963, 'sealed', 0),
(3850, 964, 'static', 1),
(3851, 964, 'public', 0),
(3852, 964, 'private', 0),
(3853, 964, 'protected', 0),
(3854, 965, 'start()', 0),
(3855, 965, 'begin()', 0),
(3856, 965, 'construct()', 1),
(3857, 965, 'initialize()', 0),
(3858, 966, 'get_class()', 1),
(3859, 966, 'get_object()', 0),
(3860, 966, 'get_classname()', 0),
(3861, 966, 'get_type()', 0),
(3862, 967, 'Là một lớp đặc biệt được sử dụng để kế thừa', 0),
(3863, 967, 'Là một cách để giới hạn chức năng của một đối tượng', 0),
(3864, 967, 'Là một danh sách các phương thức cần phải được định nghĩa trong một lớp khác', 1),
(3865, 967, 'Là một cách để tránh việc sử dụng đa kế thừa', 0),
(3866, 968, 'interface', 1),
(3867, 968, 'class', 0),
(3868, 968, 'implements', 0),
(3869, 968, 'extends', 0),
(3870, 969, 'abstract', 1),
(3871, 969, 'class', 0),
(3872, 969, 'interface', 0),
(3873, 969, 'extends', 0),
(3874, 970, 'abstract', 1),
(3875, 970, 'class', 0),
(3876, 970, 'interface', 0),
(3877, 970, 'extends', 0),
(3878, 971, 'override', 0),
(3879, 971, 'overwrite', 0),
(3880, 971, 'overload', 0);
INSERT INTO `cautraloi` (`macautl`, `macauhoi`, `noidungtl`, `ladapan`) VALUES
(3881, 971, 'override hoặc overwrite đều đúng', 1),
(3882, 972, 'final', 1),
(3883, 972, 'private', 0),
(3884, 972, 'protected', 0),
(3885, 972, 'static', 0),
(3886, 973, 'Là tính năng cho phép một lớp sử dụng lại mã nguồn của một lớp khác', 1),
(3887, 973, 'Là tính năng cho phép một đối tượng kế thừa các thuộc tính và phương thức của đối tượng khác', 0),
(3888, 973, 'Là tính năng cho phép một lớp triển khai các phương thức của một interface', 0),
(3889, 973, 'Là tính năng cho phép một đối tượng sử dụng các phương thức của một lớp khác', 0),
(3890, 974, 'Là tính năng cho phép một đối tượng có thể thực hiện nhiều hành động khác nhau với cùng một phương thức', 1),
(3891, 974, 'Là tính năng cho phép một đối tượng kế thừa các thuộc tính và phương thức của đối tượng khác', 0),
(3892, 974, 'Là tính năng cho phép một lớp triển khai các phương thức của một interface', 0),
(3893, 974, 'Là tính năng cho phép một đối tượng sử dụng các phương thức của một lớp khác', 0),
(3894, 975, 'Là tính năng cho phép một đối tượng kế thừa các thuộc tính và phương thức của đối tượng khác', 0),
(3895, 975, 'Là tính năng cho phép một đối tượng sử dụng các phương thức của một lớp khác', 0),
(3896, 975, 'Là tính năng cho phép che dấu thông tin của một đối tượng khỏi bên ngoài', 1),
(3897, 975, 'Là tính năng cho phép một đối tượng có thể thực hiện nhiều hành động khác nhau với cùng một phương thức', 0),
(3898, 976, 'private', 1),
(3899, 976, 'public', 0),
(3900, 976, 'protected', 0),
(3901, 976, 'hidden', 0),
(3902, 977, 'private', 0),
(3903, 977, 'public', 0),
(3904, 977, 'protected', 1),
(3905, 977, 'hidden', 0),
(3906, 978, '__clone()', 1),
(3907, 978, '__copy()', 0),
(3908, 978, '__duplicate()', 0),
(3909, 978, '__replicate()', 0),
(3910, 979, 'is_valid()', 0),
(3911, 979, 'validate()', 0),
(3912, 979, 'is_object()', 1),
(3913, 979, '__validate()', 0),
(3914, 980, '__assignable()', 0),
(3915, 980, 'is_assignable()', 1),
(3916, 980, 'can_assign()', 0),
(3917, 980, '__canassign()', 0),
(3918, 981, 'num_args()', 0),
(3919, 981, 'args_count()', 0),
(3920, 981, 'func_num_args()', 1),
(3921, 981, 'param_count()', 0),
(3922, 982, 'get_params()', 0),
(3923, 982, 'params_list()', 0),
(3924, 982, 'func_get_args()', 1),
(3925, 982, 'args_list()', 0),
(3926, 983, 'optional_params()', 0),
(3927, 983, 'func_get_args()', 1),
(3928, 983, 'get_optional_params()', 0),
(3929, 983, 'get_args_list()', 0),
(3930, 984, 'method_exists()', 1),
(3931, 984, 'func_exists()', 0),
(3932, 984, 'class_exists()', 0),
(3933, 984, 'property_exists()', 0),
(3934, 985, 'override', 0),
(3935, 985, 'implement', 1),
(3936, 985, 'overload', 0),
(3937, 985, 'implements hoặc override đều đúng', 0),
(3938, 986, 'override', 0),
(3939, 986, 'overwrite', 0),
(3940, 986, 'overload', 0),
(3941, 986, 'override hoặc overwrite đều đúng', 1),
(3942, 987, 'access()', 0),
(3943, 987, 'get()', 0),
(3944, 987, 'fetch()', 0),
(3945, 987, '__get()', 1),
(3946, 988, 'access()', 0),
(3947, 988, 'set()', 0),
(3948, 988, 'assign()', 0),
(3949, 988, '__set()', 1),
(3950, 989, 'remove()', 0),
(3951, 989, 'delete()', 0),
(3952, 989, 'unset()', 0),
(3953, 989, '__unset()', 1),
(3954, 990, 'is_accessible()', 1),
(3955, 990, 'accessible()', 0),
(3956, 990, 'can_access()', 0),
(3957, 990, '__accessible()', 0),
(3958, 991, 'set()', 1),
(3959, 991, 'assign()', 0),
(3960, 991, 'access()', 0),
(3961, 991, '__set()', 0),
(3962, 992, 'get()', 1),
(3963, 992, 'access()', 0),
(3964, 992, 'fetch()', 0),
(3965, 992, '__get()', 0),
(3966, 993, 'create()', 0),
(3967, 993, 'make()', 0),
(3968, 993, '__construct()', 0),
(3969, 993, '__invoke()', 1),
(3970, 994, 'to_callable()', 0),
(3971, 994, 'to_function()', 0),
(3972, 994, '__invoke()', 1),
(3973, 994, 'make_callable()', 0),
(3974, 995, 'get_classname()', 0),
(3975, 995, 'get_object_class()', 0),
(3976, 995, '__classname__()', 0),
(3977, 995, 'get_class()', 1),
(3978, 996, 'extends', 1),
(3979, 996, 'inherits', 0),
(3980, 996, 'implements', 0),
(3981, 996, 'parent', 0),
(3982, 997, 'extends', 0),
(3983, 997, 'inherits', 0),
(3984, 997, 'implements', 1),
(3985, 997, 'interface', 0),
(3986, 998, '__invoke()', 0),
(3987, 998, 'is_callable()', 1),
(3988, 998, 'can_invoke()', 0),
(3989, 998, 'invokeable()', 0),
(3990, 999, 'from_string()', 0),
(3991, 999, 'create_from_string()', 1),
(3992, 999, '__construct()', 0),
(3993, 999, '__tostring()', 0),
(3994, 1000, 'from_array()', 0),
(3995, 1000, 'create_from_array()', 1),
(3996, 1000, '__construct()', 0),
(3997, 1000, '__toarray()', 0),
(3998, 1001, 'from_object()', 0),
(3999, 1001, 'create_from_object()', 1),
(4000, 1001, '__construct()', 0),
(4001, 1001, '__toobject()', 0),
(4002, 1002, '__scope()', 0),
(4003, 1002, 'get_scope()', 1),
(4004, 1002, 'scope()', 0),
(4005, 1002, 'scope_of()', 0),
(4006, 1003, '__class()', 0),
(4007, 1003, 'get_class()', 1),
(4008, 1003, 'class()', 0),
(4009, 1003, 'class_of()', 0),
(4010, 1004, 'clone()', 0),
(4011, 1004, 'duplicate()', 0),
(4012, 1004, 'replicate()', 0),
(4013, 1004, '__clone()', 1),
(4014, 1005, 'is_a()', 0),
(4015, 1005, 'instanceof()', 1),
(4016, 1005, 'type_of()', 0),
(4017, 1005, 'class_of()', 0),
(4018, 1006, '__name__()', 0),
(4019, 1006, 'get_name()', 0),
(4020, 1006, 'name()', 0),
(4021, 1006, '__toString()', 1),
(4022, 1007, 'this', 0),
(4023, 1007, 'self', 1),
(4024, 1007, 'parent', 0),
(4025, 1007, 'static', 0),
(4026, 1008, 'this', 0),
(4027, 1008, 'self', 0),
(4028, 1008, 'parent', 1),
(4029, 1008, 'static', 0),
(4030, 1009, 'this', 0),
(4031, 1009, 'self', 1),
(4032, 1009, 'parent', 0),
(4033, 1009, 'static', 0),
(4034, 1010, 'encapsulate()', 0),
(4035, 1010, 'package()', 0),
(4036, 1010, 'archive()', 0),
(4037, 1010, 'namespace()', 1),
(4038, 1011, 'copy()', 0),
(4039, 1011, 'duplicate()', 1),
(4040, 1011, 'replicate()', 0),
(4041, 1011, '__clone()', 0),
(4042, 1012, 'clone()', 1),
(4043, 1012, 'duplicate()', 0),
(4044, 1012, 'replicate()', 0),
(4045, 1012, '__clone()', 0),
(4046, 1013, 'copy()', 0),
(4047, 1013, 'duplicate()', 0),
(4048, 1013, 'replicate()', 1),
(4049, 1013, '__clone()', 0),
(4050, 1014, 'protected', 1),
(4051, 1014, 'private', 0),
(4052, 1014, 'public', 0),
(4053, 1014, 'static', 0),
(4054, 1015, 'protected', 0),
(4055, 1015, 'private', 1),
(4056, 1015, 'public', 0),
(4057, 1015, 'static', 0),
(4058, 1016, '__exception()', 0),
(4059, 1016, 'handle_exception()', 1),
(4060, 1016, 'catch_exception()', 0),
(4061, 1016, '__catch()', 0),
(4062, 1017, '__define_operator()', 0),
(4063, 1017, 'define_operator()', 0),
(4064, 1017, '__operator()', 1),
(4065, 1017, 'operator()', 0),
(4066, 1018, 'to_string()', 0),
(4067, 1018, '__string__()', 0),
(4068, 1018, 'stringify()', 0),
(4069, 1018, '__toString()', 1),
(4070, 1019, 'const', 1),
(4071, 1019, 'define', 0),
(4072, 1019, 'constant', 0),
(4073, 1019, 'set_const', 0),
(4074, 1020, '__destroy()', 1),
(4075, 1020, 'destroy()', 0),
(4076, 1020, 'delete()', 0),
(4077, 1020, 'remove()', 0),
(4078, 1021, 'this', 0),
(4079, 1021, 'self', 0),
(4080, 1021, 'parent', 0),
(4081, 1021, 'static', 1),
(4082, 1022, 'delete()', 0),
(4083, 1022, '__destroy__()', 1),
(4084, 1022, 'destroy()', 0),
(4085, 1022, 'unset()', 0),
(4086, 1023, 'from_json()', 0),
(4087, 1023, 'create_from_json()', 1),
(4088, 1023, '__construct()', 0),
(4089, 1023, '__tojson()', 0),
(4090, 1024, 'to_array()', 0),
(4091, 1024, '__array__()', 0),
(4092, 1024, 'arrayify()', 0),
(4093, 1024, '__toArray()', 1),
(4094, 1025, 'register_event_handler()', 0),
(4095, 1025, 'add_event_handler()', 0),
(4096, 1025, 'on_event()', 1),
(4097, 1025, 'bind_event()', 0),
(4098, 1026, 'from_file()', 0),
(4099, 1026, 'create_from_file()', 1),
(4100, 1026, '__construct()', 0),
(4101, 1026, '__tofile()', 0),
(4102, 1027, 'read_file()', 0),
(4103, 1027, '__read__()', 0),
(4104, 1027, 'get_file_contents()', 1),
(4105, 1027, '__toString()', 0),
(4106, 1028, 'write_file()', 0),
(4107, 1028, '__write__()', 0),
(4108, 1028, 'put_file_contents()', 1),
(4109, 1028, '__tofile()', 0),
(4110, 1029, '__dir__()', 0),
(4111, 1029, 'getcwd()', 1),
(4112, 1029, 'current_dir()', 0),
(4113, 1029, '__toString()', 0),
(4114, 1030, 'from_timestamp()', 0),
(4115, 1030, 'create_from_timestamp()', 1),
(4116, 1030, '__construct()', 0),
(4117, 1030, '__totimestamp()', 0),
(4118, 1031, 'copy()', 0),
(4119, 1031, 'duplicate()', 1),
(4120, 1031, 'replicate()', 0),
(4121, 1031, '__clone()', 0),
(4122, 1032, 'get_public_methods()', 1),
(4123, 1032, '__public_methods__()', 0),
(4124, 1032, 'public_methods()', 0),
(4125, 1032, '__toString()', 0),
(4126, 1033, 'get_public_properties()', 1),
(4127, 1033, '__public_properties__()', 0),
(4128, 1033, 'public_properties()', 0),
(4129, 1033, '__toString()', 0),
(4130, 1034, 'get_class_members()', 1),
(4131, 1034, '__members__()', 0),
(4132, 1034, 'members()', 0),
(4133, 1034, '__toString()', 0),
(4134, 1035, 'is_a()', 1),
(4135, 1035, 'instanceof()', 0),
(4136, 1035, 'type_of()', 0),
(4137, 1035, 'class_of()', 0),
(4138, 1036, 'is_a()', 0),
(4139, 1036, 'instanceof()', 1),
(4140, 1036, 'type_of()', 0),
(4141, 1036, 'class_of()', 0),
(4142, 1037, 'is_subclass_of()', 1),
(4143, 1037, 'subclass_of()', 0),
(4144, 1037, '__subclass__()', 0),
(4145, 1037, '__toString()', 0),
(4146, 1038, 'read_dir()', 0),
(4147, 1038, '__read_dir__()', 0),
(4148, 1038, 'get_dir_contents()', 1),
(4149, 1038, '__toString()', 0),
(4150, 1039, 'from_xml()', 0),
(4151, 1039, 'create_from_xml()', 1),
(4152, 1039, '__construct()', 0),
(4153, 1039, '__toxml()', 0),
(4154, 1040, 'to_json()', 1),
(4155, 1040, '__json__()', 0),
(4156, 1040, 'jsonize()', 0),
(4157, 1040, '__toJson()', 0),
(4158, 1041, 'from_url()', 0),
(4159, 1041, 'create_from_url()', 1),
(4160, 1041, '__construct()', 0),
(4161, 1041, '__tourl()', 0),
(4162, 1042, 'from_query_string()', 0),
(4163, 1042, 'create_from_query_string()', 1),
(4164, 1042, '__construct()', 0),
(4165, 1042, '__toquery()', 0),
(4166, 1043, 'get()', 1),
(4167, 1043, '__get__()', 0),
(4168, 1043, 'request()', 0),
(4169, 1043, '__toString()', 0),
(4170, 1044, 'post()', 1),
(4171, 1044, '__post__()', 0),
(4172, 1044, 'request()', 0),
(4173, 1044, '__toString()', 0),
(4174, 1045, 'to_xml()', 1),
(4175, 1045, '__xml__()', 0),
(4176, 1045, 'xmlize()', 0),
(4177, 1045, '__toXml()', 0),
(4178, 1046, 'class_exists()', 1),
(4179, 1046, 'exists()', 0),
(4180, 1046, '__class__()', 0),
(4181, 1046, '__toString()', 0),
(4182, 1047, 'get_class_constant()', 1),
(4183, 1047, '__class_constant__()', 0),
(4184, 1047, 'class_constant()', 0),
(4185, 1047, '__toString()', 0),
(4186, 1048, 'set_class_name()', 1),
(4187, 1048, '__class_name__()', 0),
(4188, 1048, 'class_name()', 0),
(4189, 1048, '__toString()', 0),
(4190, 1049, 'get_class_name()', 1),
(4191, 1049, '__class_name__()', 0),
(4192, 1049, 'class_name()', 0),
(4193, 1049, '__toString()', 0),
(4194, 1050, '&amp;', 0),
(4195, 1050, '@', 0),
(4196, 1050, '%', 0),
(4197, 1050, '$', 1),
(4198, 1051, 'Có', 1),
(4199, 1051, 'Không', 0),
(4200, 1052, '$variable = integer 42;', 0),
(4201, 1052, '$variable = (int) 42;', 0),
(4202, 1052, '$variable = int(42);', 0),
(4203, 1052, '$variable = 42;', 1),
(4204, 1053, '$variable = string &quot;Hello, world!&quot;;', 0),
(4205, 1053, '$variable = (string) &quot;Hello, world!&quot;;', 0),
(4206, 1053, '$variable = str(&quot;Hello, world!&quot;);', 0),
(4207, 1053, '$variable = &quot;Hello, world!&quot;;', 1),
(4208, 1054, '$variable = array(&quot;a&quot;, &quot;b&quot;, &quot;c&quot;);', 1),
(4209, 1054, '$variable = (&quot;a&quot;, &quot;b&quot;, &quot;c&quot;);', 0),
(4210, 1054, '$variable = [&quot;a&quot;, &quot;b&quot;, &quot;c&quot;];', 0),
(4211, 1054, '$variable = {&quot;a&quot;, &quot;b&quot;, &quot;c&quot;};', 0),
(4212, 1055, '$variable = object(new ClassName());', 0),
(4213, 1055, '$variable = (object) new ClassName();', 0),
(4214, 1055, '$variable = new ClassName();', 1),
(4215, 1055, '$variable = obj(new ClassName());', 0),
(4216, 1056, '$variable = null;', 1),
(4217, 1056, '$variable = NULL;', 0),
(4218, 1056, '$variable = ();', 0),
(4219, 1056, '$variable = ();', 0),
(4220, 1057, '=', 1),
(4221, 1057, '==', 0),
(4222, 1057, '===', 0),
(4223, 1057, ':=', 0),
(4224, 1058, '=', 0),
(4225, 1058, '==', 1),
(4226, 1058, '===', 0),
(4227, 1058, ':=', 0),
(4228, 1059, '=', 0),
(4229, 1059, '==', 0),
(4230, 1059, '===', 1),
(4231, 1059, ':=', 0),
(4232, 1060, 'define(&quot;CONSTANT_NAME&quot;, &quot;value&quot;);', 1),
(4233, 1060, 'const(&quot;CONSTANT_NAME&quot;, &quot;value&quot;);', 0),
(4234, 1060, 'constant(&quot;CONSTANT_NAME&quot;, &quot;value&quot;);', 0),
(4235, 1060, 'set_const(&quot;CONSTANT_NAME&quot;, &quot;value&quot;);', 0),
(4236, 1061, 'is_string()', 0),
(4237, 1061, 'is_int()', 0),
(4238, 1061, 'is_type()', 1),
(4239, 1061, 'is_float()', 0),
(4240, 1062, '(int) $variable;', 1),
(4241, 1062, 'int($variable);', 0),
(4242, 1062, 'cast_int($variable);', 0),
(4243, 1062, 'integer($variable);', 0),
(4244, 1063, '(float) $variable;', 1),
(4245, 1063, 'float($variable);', 0),
(4246, 1063, 'cast_float($variable);', 0),
(4247, 1063, 'real($variable);', 0),
(4248, 1064, '(string) $variable;', 1),
(4249, 1064, 'string($variable);', 0),
(4250, 1064, 'cast_str($variable);', 0),
(4251, 1064, 'text($variable);', 0),
(4252, 1065, '(array) $variable;', 1),
(4253, 1065, 'array($variable);', 0),
(4254, 1065, 'cast_array($variable);', 0),
(4255, 1065, 'list($variable);', 0),
(4256, 1066, '(object) $variable;', 1),
(4257, 1066, 'object($variable);', 0),
(4258, 1066, 'cast_obj($variable);', 0),
(4259, 1066, 'class($variable);', 0),
(4260, 1067, '$string1 + $string2', 0),
(4261, 1067, '$string1 . $string2', 1),
(4262, 1067, '$string1 &amp; $string2', 0),
(4263, 1067, '$string1 &amp;&amp; $string2', 0),
(4264, 1068, 'intval($string)', 1),
(4265, 1068, '(int) $string', 0),
(4266, 1068, 'parse_int($string)', 0),
(4267, 1068, 'int($string)', 0),
(4268, 1069, 'floatval($string)', 1),
(4269, 1069, '(float) $string', 0),
(4270, 1069, 'parse_float($string)', 0),
(4271, 1069, 'float($string)', 0),
(4272, 1070, 'strval($integer)', 1),
(4273, 1070, '(string) $integer', 0),
(4274, 1070, 'parse_str($integer)', 0),
(4275, 1070, 'string($integer)', 0),
(4276, 1071, 'strval($float)', 1),
(4277, 1071, '(string) $float', 0),
(4278, 1071, 'parse_str($float)', 0),
(4279, 1071, 'string($float)', 0),
(4280, 1072, 'abs($variable)', 1),
(4281, 1072, 'absolute($variable)', 0),
(4282, 1072, '|$variable|', 0),
(4283, 1072, 'abs_value($variable)', 0),
(4284, 1073, 'round()', 0),
(4285, 1073, 'floor()', 1),
(4286, 1073, 'ceil()', 0),
(4287, 1073, 'truncate()', 0),
(4288, 1074, 'round()', 0),
(4289, 1074, 'floor()', 0),
(4290, 1074, 'ceil()', 1),
(4291, 1074, 'truncate()', 0),
(4292, 1075, 'round()', 1),
(4293, 1075, 'floor()', 0),
(4294, 1075, 'ceil()', 0),
(4295, 1075, 'truncate()', 0),
(4296, 1076, 'max()', 1),
(4297, 1076, 'largest()', 0),
(4298, 1076, 'highest()', 0),
(4299, 1076, 'greatest()', 0),
(4300, 1077, 'min()', 1),
(4301, 1077, 'smallest()', 0),
(4302, 1077, 'lowest()', 0),
(4303, 1077, 'least()', 0),
(4304, 1078, 'rand()', 1),
(4305, 1078, 'random()', 0),
(4306, 1078, 'random_int()', 0),
(4307, 1078, 'generate()', 0),
(4308, 1079, 'is_positive_integer()', 0),
(4309, 1079, 'is_pos_int()', 0),
(4310, 1079, 'is_unsigned_int()', 1),
(4311, 1079, 'is_natural_number()', 0),
(4312, 1080, 'is_negative_integer()', 1),
(4313, 1080, 'is_neg_int()', 0),
(4314, 1080, 'is_signed_int()', 0),
(4315, 1080, 'is_negative_number()', 0),
(4316, 1081, 'is_prime()', 1),
(4317, 1081, 'is_prime_number()', 0),
(4318, 1081, 'is_prime_int()', 0),
(4319, 1081, 'is_prime_integer()', 0),
(4320, 1082, '<p>s&aacute;dfdsf</p>\n', 0),
(4321, 1082, '<p>fsdfsdf</p>\n', 1),
(4322, 1082, '<p>fasfsdfscv bvb</p>\n', 0),
(4323, 1082, '<p>dfaserasf</p>\n', 0),
(4324, 1083, '<p>456453654</p>\n', 1),
(4325, 1083, '<p>hfghfghfdg</p>\n', 0),
(4326, 1083, '<p>fghfhh2452</p>\n', 0),
(4327, 1083, '<p>1111</p>\n', 0),
(4328, 1084, '<p>8910</p>\n', 1),
(4329, 1084, '<p>111213</p>\n', 0),
(4330, 1084, '<p>141516</p>\n', 0),
(4331, 1084, '<p>171819</p>\n', 0);

-- --------------------------------------------------------

--
-- Cấu trúc bảng cho bảng `chitietdethi`
--

CREATE TABLE `chitietdethi` (
  `made` int(11) NOT NULL,
  `macauhoi` int(11) NOT NULL,
  `thutu` int(11) DEFAULT NULL
) ENGINE=InnoDB DEFAULT CHARSET=utf8mb4 COLLATE=utf8mb4_general_ci;

-- --------------------------------------------------------

--
-- Cấu trúc bảng cho bảng `chitietketqua`
--

CREATE TABLE `chitietketqua` (
  `makq` int(11) NOT NULL,
  `macauhoi` int(11) NOT NULL,
  `dapanchon` int(11) DEFAULT NULL
) ENGINE=InnoDB DEFAULT CHARSET=utf8mb4 COLLATE=utf8mb4_general_ci;

--
-- Đang đổ dữ liệu cho bảng `chitietketqua`
--

INSERT INTO `chitietketqua` (`makq`, `macauhoi`, `dapanchon`) VALUES
(155, 538, 2148),
(153, 538, 2149),
(155, 540, 2156),
(154, 540, 2157),
(153, 540, 2158),
(153, 541, 2161),
(156, 542, 2164),
(154, 543, 2168),
(153, 543, 2170),
(154, 544, 2172),
(156, 544, 2173),
(157, 545, 2175),
(153, 545, 2176),
(156, 546, 2179),
(157, 547, 2183),
(154, 548, 2187),
(157, 548, 2187),
(154, 549, 2191),
(153, 549, 2192),
(157, 550, 2195),
(155, 550, 2196),
(156, 550, 2196),
(153, 553, 2210),
(157, 554, 2211),
(155, 554, 2214),
(157, 555, 2215),
(156, 555, 2216),
(153, 555, 2217),
(154, 555, 2218),
(156, 556, 2221),
(153, 557, 2225),
(156, 557, 2225),
(155, 558, 2228),
(154, 558, 2229),
(157, 559, 2231),
(156, 559, 2232),
(154, 559, 2234),
(154, 561, 2239),
(157, 561, 2240),
(155, 561, 2241),
(157, 562, 2243),
(155, 563, 2248),
(157, 564, 2251),
(153, 565, 2256),
(155, 566, 2262),
(153, 569, 2274),
(157, 570, 2275),
(155, 570, 2277),
(157, 571, 2279),
(154, 571, 2281),
(154, 572, 2283),
(155, 575, 2295),
(155, 576, 2302),
(155, 577, 2303),
(156, 578, 2308),
(154, 578, 2310),
(153, 580, 2317),
(157, 581, 2319),
(153, 581, 2321),
(156, 581, 2322),
(156, 582, 2323),
(155, 583, 2330),
(154, 584, 2331),
(157, 584, 2331),
(156, 585, 2336),
(155, 585, 2338),
(154, 586, 2339),
(156, 586, 2340),
(156, 588, 2348),
(157, 589, 2351),
(153, 589, 2353),
(155, 589, 2353),
(156, 590, 2356),
(154, 590, 2357),
(153, 591, 2360);

-- --------------------------------------------------------

--
-- Cấu trúc bảng cho bảng `chitietnhom`
--

CREATE TABLE `chitietnhom` (
  `manhom` int(11) NOT NULL,
  `manguoidung` varchar(50) NOT NULL DEFAULT '0',
  `hienthi` tinyint(1) DEFAULT 1
) ENGINE=InnoDB DEFAULT CHARSET=utf8mb4 COLLATE=utf8mb4_general_ci;

--
-- Đang đổ dữ liệu cho bảng `chitietnhom`
--

INSERT INTO `chitietnhom` (`manhom`, `manguoidung`, `hienthi`) VALUES
(2, '121212', 1),
(5, '101010', 1),
(5, '2155010002', 1),
(5, '2155010067', 1),
(5, '2155010092', 1),
(5, '2155010132', 1),
(5, '2155010192', 1),
(6, '121212', 1),
(13, '2155010067', 1);

--
-- Bẫy `chitietnhom`
--
DELIMITER $$
CREATE TRIGGER `update_group_participants_after_delete` AFTER DELETE ON `chitietnhom` FOR EACH ROW UPDATE nhom
SET siso = 
(SELECT count(*) FROM chitietnhom where manhom = OLD.manhom)
WHERE manhom = OLD.manhom
$$
DELIMITER ;
DELIMITER $$
CREATE TRIGGER `update_group_participants_after_insert` AFTER INSERT ON `chitietnhom` FOR EACH ROW UPDATE nhom
SET siso = 
(SELECT count(*) FROM chitietnhom where manhom = NEW.manhom)
WHERE manhom = NEW.manhom
$$
DELIMITER ;

-- --------------------------------------------------------

--
-- Cấu trúc bảng cho bảng `chitietquyen`
--

CREATE TABLE `chitietquyen` (
  `manhomquyen` int(11) NOT NULL,
  `chucnang` varchar(50) NOT NULL,
  `hanhdong` varchar(50) NOT NULL
) ENGINE=InnoDB DEFAULT CHARSET=utf8mb4 COLLATE=utf8mb4_general_ci;

--
-- Đang đổ dữ liệu cho bảng `chitietquyen`
--

INSERT INTO `chitietquyen` (`manhomquyen`, `chucnang`, `hanhdong`) VALUES
(1, 'cauhoi', 'create'),
(1, 'cauhoi', 'delete'),
(1, 'cauhoi', 'update'),
(1, 'cauhoi', 'view'),
(1, 'chuong', 'create'),
(1, 'chuong', 'delete'),
(1, 'chuong', 'update'),
(1, 'chuong', 'view'),
(1, 'dethi', 'create'),
(1, 'dethi', 'delete'),
(1, 'dethi', 'update'),
(1, 'dethi', 'view'),
(1, 'hocphan', 'create'),
(1, 'hocphan', 'delete'),
(1, 'hocphan', 'update'),
(1, 'hocphan', 'view'),
(1, 'monhoc', 'create'),
(1, 'monhoc', 'delete'),
(1, 'monhoc', 'update'),
(1, 'monhoc', 'view'),
(1, 'nguoidung', 'create'),
(1, 'nguoidung', 'delete'),
(1, 'nguoidung', 'update'),
(1, 'nguoidung', 'view'),
(1, 'nhomquyen', 'create'),
(1, 'nhomquyen', 'delete'),
(1, 'nhomquyen', 'update'),
(1, 'nhomquyen', 'view'),
(1, 'phancong', 'create'),
(1, 'phancong', 'delete'),
(1, 'phancong', 'update'),
(1, 'phancong', 'view'),
(1, 'thongbao', 'create'),
(1, 'thongbao', 'delete'),
(1, 'thongbao', 'update'),
(1, 'thongbao', 'view'),
(2, 'cauhoi', 'create'),
(2, 'cauhoi', 'delete'),
(2, 'cauhoi', 'update'),
(2, 'cauhoi', 'view'),
(2, 'dethi', 'create'),
(2, 'dethi', 'delete'),
(2, 'dethi', 'update'),
(2, 'dethi', 'view'),
(2, 'hocphan', 'create'),
(2, 'hocphan', 'delete'),
(2, 'hocphan', 'update'),
(2, 'hocphan', 'view'),
(2, 'tghocphan', 'join'),
(2, 'tgthi', 'join'),
(2, 'thongbao', 'create'),
(2, 'thongbao', 'delete'),
(2, 'thongbao', 'update'),
(2, 'thongbao', 'view'),
(3, 'tghocphan', 'join'),
(3, 'tgthi', 'join');

-- --------------------------------------------------------

--
-- Cấu trúc bảng cho bảng `chitietthongbao`
--

CREATE TABLE `chitietthongbao` (
  `matb` int(11) NOT NULL,
  `manhom` int(11) NOT NULL
) ENGINE=InnoDB DEFAULT CHARSET=utf8mb4 COLLATE=utf8mb4_general_ci;

--
-- Đang đổ dữ liệu cho bảng `chitietthongbao`
--

INSERT INTO `chitietthongbao` (`matb`, `manhom`) VALUES
(8, 5);

-- --------------------------------------------------------

--
-- Cấu trúc bảng cho bảng `chuong`
--

CREATE TABLE `chuong` (
  `machuong` int(11) NOT NULL,
  `tenchuong` varchar(255) NOT NULL,
  `mamonhoc` varchar(50) NOT NULL,
  `trangthai` tinyint(1) DEFAULT NULL
) ENGINE=InnoDB DEFAULT CHARSET=utf8mb4 COLLATE=utf8mb4_general_ci;

--
-- Đang đổ dữ liệu cho bảng `chuong`
--

INSERT INTO `chuong` (`machuong`, `tenchuong`, `mamonhoc`, `trangthai`) VALUES
(35, 'Chương 1: Cơ bản về PHP', 'TH4309', 1),
(36, 'Chương 2: Biến và Kiểu dữ liệu', 'TH4309', 1),
(37, 'Chương 3: Câu lệnh điều khiển', 'TH4309', 1),
(38, 'Chương 4: Vòng lặp', 'TH4309', 1),
(39, 'Chương 5: Mảng', 'TH4309', 1),
(40, 'Chương 6: Hàm', 'TH4309', 1),
(41, 'Chương 7: Xử lý chuỗi', 'TH4309', 1),
(42, 'Chương 8: Xử lý ngày tháng', 'TH4309', 1),
(43, 'Chương 9: Xử lý file', 'TH4309', 1),
(44, 'Chương 10: Lập trình hướng đối tượng (OOP)', 'TH4309', 1),
(45, 'Chương 1: Test', 'TH4305', 1);

-- --------------------------------------------------------

--
-- Cấu trúc bảng cho bảng `danhmucchucnang`
--

CREATE TABLE `danhmucchucnang` (
  `chucnang` varchar(50) NOT NULL,
  `tenchucnang` varchar(255) DEFAULT NULL
) ENGINE=InnoDB DEFAULT CHARSET=utf8mb4 COLLATE=utf8mb4_general_ci;

--
-- Đang đổ dữ liệu cho bảng `danhmucchucnang`
--

INSERT INTO `danhmucchucnang` (`chucnang`, `tenchucnang`) VALUES
('caidat', 'Cài đặt'),
('cauhoi', 'Quản lý câu hỏi'),
('chuong', 'Quản lý chương'),
('dethi', 'Quản lý đề thi'),
('hocphan', 'Quản lý học phần'),
('monhoc', 'Quản lý môn học'),
('nguoidung', 'Quản lý người dùng'),
('nhomquyen', 'Quản lý nhóm quyền'),
('phancong', 'Quản lý phân công'),
('sinhvien', 'Sinh viên'),
('tghocphan', 'Tham gia học phần'),
('tgthi', 'Tham gia thi'),
('thongbao', 'Thông báo');

-- --------------------------------------------------------

--
-- Cấu trúc bảng cho bảng `dethi`
--

CREATE TABLE `dethi` (
  `made` int(11) NOT NULL,
  `monthi` varchar(50) NOT NULL,
  `nguoitao` varchar(50) DEFAULT NULL,
  `tende` varchar(255) DEFAULT NULL,
  `thoigiantao` datetime DEFAULT current_timestamp(),
  `thoigianthi` int(11) DEFAULT NULL,
  `thoigianbatdau` datetime DEFAULT NULL,
  `thoigianketthuc` datetime DEFAULT NULL,
  `hienthibailam` tinyint(1) DEFAULT NULL,
  `xemdiemthi` tinyint(1) DEFAULT NULL,
  `xemdapan` tinyint(1) DEFAULT NULL,
  `troncauhoi` tinyint(1) DEFAULT NULL,
  `trondapan` tinyint(1) DEFAULT NULL,
  `nopbaichuyentab` tinyint(1) DEFAULT NULL,
  `loaide` int(11) DEFAULT NULL,
  `socaude` int(11) DEFAULT NULL,
  `socautb` int(11) DEFAULT NULL,
  `socaukho` int(11) DEFAULT NULL,
  `trangthai` tinyint(1) DEFAULT 1
) ENGINE=InnoDB DEFAULT CHARSET=utf8mb4 COLLATE=utf8mb4_general_ci;

--
-- Đang đổ dữ liệu cho bảng `dethi`
--

INSERT INTO `dethi` (`made`, `monthi`, `nguoitao`, `tende`, `thoigiantao`, `thoigianthi`, `thoigianbatdau`, `thoigianketthuc`, `hienthibailam`, `xemdiemthi`, `xemdapan`, `troncauhoi`, `trondapan`, `nopbaichuyentab`, `loaide`, `socaude`, `socautb`, `socaukho`, `trangthai`) VALUES
(22, 'TH4309', '101010', 'CN Web T12 Chương 9', '2024-12-21 00:06:44', 45, '2024-12-21 00:17:00', '2024-12-31 23:59:00', 1, 1, 1, 1, 1, 1, 1, 5, 5, 5, 1),
(23, 'TH4309', '101010', 'CN Web T12 Chương 9.1', '2024-12-21 11:15:12', 30, '2024-12-21 11:16:00', '2025-01-19 12:00:00', 1, 1, 1, 1, 1, 1, 1, 5, 5, 5, 1),
(24, 'TH4309', '101010', 'CN Web T12 Chương 8', '2024-12-21 15:19:48', 60, '2024-12-21 15:21:00', '2025-01-19 23:59:00', 1, 0, 1, 1, 1, 0, 1, 20, 20, 20, 1),
(25, 'TH4309', '101010', 'CN Web T12 Chương 7', '2024-12-22 15:05:36', 30, '2024-12-22 15:10:00', '2024-12-31 23:59:00', 0, 0, 0, 0, 0, 0, 1, 10, 10, 10, 0),
(26, 'TH4309', '101010', 'CN Web T12 Chương 7', '2024-12-22 15:08:10', 30, '2024-12-22 15:10:00', '2024-12-31 12:00:00', 0, 0, 0, 0, 0, 0, 1, 10, 10, 10, 0);

-- --------------------------------------------------------

--
-- Cấu trúc bảng cho bảng `dethitudong`
--

CREATE TABLE `dethitudong` (
  `made` int(11) NOT NULL,
  `machuong` int(11) NOT NULL
) ENGINE=InnoDB DEFAULT CHARSET=utf8mb4 COLLATE=utf8mb4_general_ci;

--
-- Đang đổ dữ liệu cho bảng `dethitudong`
--

INSERT INTO `dethitudong` (`made`, `machuong`) VALUES
(22, 43),
(23, 43),
(24, 42),
(25, 41),
(26, 41);

-- --------------------------------------------------------

--
-- Cấu trúc bảng cho bảng `giaodethi`
--

CREATE TABLE `giaodethi` (
  `made` int(11) NOT NULL,
  `manhom` int(11) NOT NULL
) ENGINE=InnoDB DEFAULT CHARSET=utf8mb4 COLLATE=utf8mb4_general_ci;

--
-- Đang đổ dữ liệu cho bảng `giaodethi`
--

INSERT INTO `giaodethi` (`made`, `manhom`) VALUES
(22, 5),
(23, 5),
(24, 5),
(25, 5),
(26, 5);

-- --------------------------------------------------------

--
-- Cấu trúc bảng cho bảng `ketqua`
--

CREATE TABLE `ketqua` (
  `makq` int(11) NOT NULL,
  `made` int(11) NOT NULL,
  `manguoidung` varchar(50) NOT NULL DEFAULT '',
  `diemthi` double DEFAULT NULL,
  `thoigianvaothi` datetime DEFAULT current_timestamp(),
  `thoigianlambai` int(11) DEFAULT NULL,
  `socaudung` int(11) DEFAULT NULL,
  `solanchuyentab` int(11) DEFAULT 0
) ENGINE=InnoDB DEFAULT CHARSET=utf8mb4 COLLATE=utf8mb4_general_ci;

--
-- Đang đổ dữ liệu cho bảng `ketqua`
--

INSERT INTO `ketqua` (`makq`, `made`, `manguoidung`, `diemthi`, `thoigianvaothi`, `thoigianlambai`, `socaudung`, `solanchuyentab`) VALUES
(154, 22, '2155010002', 2.67, '2024-12-21 11:10:18', 19, 4, 0),
(153, 22, '2155010067', 0, '2024-12-21 00:17:12', 23, 0, 1),
(155, 22, '2155010092', 2, '2024-12-21 11:11:57', 17, 3, 0),
(156, 23, '2155010067', 2, '2024-12-21 11:16:33', 39, 3, 0),
(157, 23, '2155010092', 10, '2024-12-21 11:18:38', 474, 15, 0);

-- --------------------------------------------------------

--
-- Cấu trúc bảng cho bảng `monhoc`
--

CREATE TABLE `monhoc` (
  `mamonhoc` varchar(50) NOT NULL,
  `tenmonhoc` varchar(255) NOT NULL,
  `sotinchi` int(11) DEFAULT NULL,
  `sotietlythuyet` int(11) DEFAULT NULL,
  `sotietthuchanh` int(11) DEFAULT NULL,
  `trangthai` tinyint(1) DEFAULT NULL
) ENGINE=InnoDB DEFAULT CHARSET=utf8mb4 COLLATE=utf8mb4_general_ci;

--
-- Đang đổ dữ liệu cho bảng `monhoc`
--

INSERT INTO `monhoc` (`mamonhoc`, `tenmonhoc`, `sotinchi`, `sotietlythuyet`, `sotietthuchanh`, `trangthai`) VALUES
('TH4305', 'Lập trình hướng đối tượng', 3, 30, 30, 1),
('TH4309', 'Công nghệ Web', 3, 30, 30, 1),
('TH4316', 'Công nghệ Java', 3, 30, 30, 1),
('TH4319', 'Kiến trúc máy tính', 3, 45, 0, 0),
('TH5208', 'Phân tích thiết kế hệ thống thông tin', 3, 45, 0, 0),
('TH5211.1', 'Hệ điều hành Linux', 3, 30, 30, 0);

-- --------------------------------------------------------

--
-- Cấu trúc bảng cho bảng `nguoidung`
--

CREATE TABLE `nguoidung` (
  `email` varchar(255) NOT NULL,
  `id` varchar(50) NOT NULL,
  `googleid` varchar(150) DEFAULT NULL,
  `hoten` varchar(255) NOT NULL,
  `gioitinh` tinyint(1) DEFAULT NULL,
  `ngaysinh` date DEFAULT '2003-01-01',
  `avatar` varchar(255) DEFAULT NULL,
  `ngaythamgia` date NOT NULL DEFAULT current_timestamp(),
  `matkhau` varchar(60) DEFAULT NULL,
  `trangthai` int(11) NOT NULL,
  `sodienthoai` int(11) DEFAULT NULL,
  `token` varchar(255) DEFAULT NULL,
  `otp` varchar(10) DEFAULT NULL,
  `manhomquyen` int(11) DEFAULT NULL
) ENGINE=InnoDB DEFAULT CHARSET=utf8mb4 COLLATE=utf8mb4_general_ci;

--
-- Đang đổ dữ liệu cho bảng `nguoidung`
--

INSERT INTO `nguoidung` (`email`, `id`, `googleid`, `hoten`, `gioitinh`, `ngaysinh`, `avatar`, `ngaythamgia`, `matkhau`, `trangthai`, `sodienthoai`, `token`, `otp`, `manhomquyen`) VALUES
('huudatnh178@gmail.com', '101010', '', 'Admin', 1, '2003-01-01', 'avt-642a79bfbf4dd.jpg', '2023-04-03', '$2y$10$F3FQFNZwijEhnKf4EVrkVeaJNtW0icztly.M4sNrHn2GDsT1DsARy', 1, NULL, '1734917420$2y$10$XrZWWLHifOzGmMYOYRkRsu7lFi3pyMXp2QhnraYaLa3bYZTMepJ/y', NULL, 1),
('nguyetnt@hau.edu.vn', '111111', NULL, 'Nguyễn Thị Nguyệt', 0, '2003-01-01', NULL, '2023-04-24', '$2y$10$3qZEGIyBG8g/UYXpPGzQLuAUydxjCT3.W.GOozN7NC6q0KirzNrLa', 1, NULL, '1734710999$2y$10$LkRZGpKhCN9DnNIdn7Yej.SGfOiCzAnCNKs8FtNZClzPCnaqDadv.', NULL, 2),
('admin@gmail.com', '121212', '', 'Admin 1', 1, '2003-01-01', NULL, '2023-04-03', '$2y$10$Sl9rcyYDjBHs5jNLWIqODuPm.zZ3DITUzvfh/pUTa/hiAneoAaekm', 1, NULL, '1683519157$2y$10$UMzpMnMb9V0AkncK57t3s.CiFmHehfFIwpsKzgYfmQM1bBmccSDYq', NULL, 2),
('vuhoangan12102003@gmail.com', '2155010002', NULL, 'Vũ Hoàng An', NULL, '2003-01-01', NULL, '2024-12-19', '$2y$10$f8GDfW83Pa/uu77K8Zy7M.V8caqx/ADt1OY8iR6/GuOm513/ZH5jK', 1, NULL, '1734754213$2y$10$xyj2Zk09HzzYxKciqi3/R.XLFd01s0gu14k9K3qLOuJ64piKcAQJO', NULL, 3),
('', '2155010007', NULL, 'Lê Việt Anh', NULL, '2003-01-01', NULL, '2024-12-19', '$2y$10$f8PJkiSu4kegfGyDHwXp2ubre5cd.zVS8/R1gxoAuwQaINVpiY5yK', 1, NULL, NULL, NULL, 3),
('', '2155010012', NULL, 'Nguyễn Mai Anh', NULL, '2003-01-01', NULL, '2024-12-19', '$2y$10$FjIw0EGeX1qe53AAYpPcTeRDBCgy8cKOhoYVUoVZbO.WvyNa7.fhm', 1, NULL, NULL, NULL, 3),
('', '2155010017', NULL, 'Nguyễn Vũ Việt Anh', NULL, '2003-01-01', NULL, '2024-12-19', '$2y$10$P2XnsIbLVuGtbBXZ9E3dye1qvDl5EpLxSPPY.5zH5AIyu5XIeFOF2', 1, NULL, NULL, NULL, 3),
('', '2155010022', NULL, 'Trịnh Tiến Anh', NULL, '2003-01-01', NULL, '2024-12-19', '$2y$10$JEopH5sdf1df2nwPdtqE1eISCllG3EdjBpclAVIEHSWtnjKq6Y4qm', 1, NULL, NULL, NULL, 3),
('', '2155010027', NULL, 'Lê Minh Bách', NULL, '2003-01-01', NULL, '2024-12-19', '$2y$10$FzS9DqDn8dapfTMEaDhDquQlFAUWGHMf.6vL9BoTJtEq0GBLDOs1S', 1, NULL, NULL, NULL, 3),
('', '2155010032', NULL, 'Nguyễn Thanh Bình', NULL, '2003-01-01', NULL, '2024-12-19', '$2y$10$Nqh/BOvxkXu8OjtIJ51KD.m00DK7eGvF/H3kDnHCHKIL7fEGWjLz6', 1, NULL, NULL, NULL, 3),
('', '2155010037', NULL, 'Nguyễn Đỗ Công', NULL, '2003-01-01', NULL, '2024-12-19', '$2y$10$HMAOMAQecbEMW4XlDRf5q.YMCUYhqTQu5rQMn3wlgDUuBKFwLOe.y', 1, NULL, NULL, NULL, 3),
('', '2155010042', NULL, 'Vũ Đức Chiến', NULL, '2003-01-01', NULL, '2024-12-19', '$2y$10$Z1CJhNb66aWADh2gWhBD6.vSQnCdrALauxYVBnK2Y6V1tl.uYcd7S', 1, NULL, NULL, NULL, 3),
('', '2155010047', NULL, 'Lê Quang Diễm', NULL, '2003-01-01', NULL, '2024-12-19', '$2y$10$V/7rxgUazvexKdOpDcHBjO26r5hwwXrOZPSBjOcajjlpTuxu5JzS2', 1, NULL, NULL, NULL, 3),
('', '2155010052', NULL, 'Vũ Việt Dũng', NULL, '2003-01-01', NULL, '2024-12-19', '$2y$10$mU2FoJIIMj921R0/HPrUgujn9oLeTx9pYK8A1juIcMAeh3tZJtyA.', 1, NULL, NULL, NULL, 3),
('', '2155010057', NULL, 'Hoàng Dương', NULL, '2003-01-01', NULL, '2024-12-19', '$2y$10$6tM4/NFh5OYG3H/i9cwflu0TE2AED4a4xpseyYv9Dk2Bxvd3jGQf.', 1, NULL, NULL, NULL, 3),
('', '2155010062', NULL, 'Vũ Tuấn Dương', NULL, '2003-01-01', NULL, '2024-12-19', '$2y$10$MncEwKdtbLHtXuw5.qkMLuROb8BGYKcxUNGe./vFHGtL85feR7Xae', 1, NULL, NULL, NULL, 3),
('huudat@breatic.tech', '2155010067', NULL, 'Nguyễn Hữu Thành Đạt', NULL, '2003-01-01', NULL, '2024-12-19', '$2y$10$MU8UltJMyYKSKRCA3Fb3Tu4ajnYCfRd5KMFyKKbLkKamhPg62vg4K', 1, NULL, '1734852542$2y$10$mgQb79/8gaJoPj1FXM7BW.ZO4AESr..4WyWGdMc599XqVhyXxUWGy', '482459', 3),
('', '2155010072', NULL, 'Mai Xuân Điệp', NULL, '2003-01-01', NULL, '2024-12-19', '$2y$10$zM22sqHhqSTwX08bwpJ2MukCth5.FdWEcgT7ooMWDl.FxGngC6yUq', 1, NULL, NULL, NULL, 3),
('', '2155010077', NULL, 'Nguyễn Minh Đức', NULL, '2003-01-01', NULL, '2024-12-19', '$2y$10$3DWdnKHg2CYfQ4y8zAejGeyH4sAfo6NL.uDnYFBHQ3PqGiawy3Mvy', 1, NULL, NULL, NULL, 3),
('', '2155010082', NULL, 'Nguyễn Thị Quỳnh Giang', NULL, '2003-01-01', NULL, '2024-12-19', '$2y$10$AjhySkeF61WsJ42n39DvFeXa4Bq4EjiwO2zppWB.7xlD4Po5fvUa.', 1, NULL, NULL, NULL, 3),
('hien.tranthanh1109@gmail.com', '2155010092', NULL, 'Trần Thanh Hiền', NULL, '2003-01-01', NULL, '2024-12-19', '$2y$10$gOTTbZIwWlQ8Z3fE8U2.zegxp/MiBmGEpZZ5QbHSszl9QVSwyShha', 1, NULL, '1734754711$2y$10$teR3nUnplqauDkyu0EKF/.8Sx4wuKOISZK4538g0rtj97qgRpBWsm', NULL, 3),
('', '2155010097', NULL, 'Lê Thế Hiếu', NULL, '2003-01-01', NULL, '2024-12-19', '$2y$10$TYyr7P/S0drnYvvJII2ZaeXoRI40qiLrCDgz/CQwW.Mzktfch2l4W', 1, NULL, NULL, NULL, 3),
('', '2155010102', NULL, 'Đỗ Thế Hoàn', NULL, '2003-01-01', NULL, '2024-12-19', '$2y$10$V5NXR5oMFgVRT7tf2mHhgeV5lemD1c2ruvsQqbdOBk14.Yh1Vcd1u', 1, NULL, NULL, NULL, 3),
('', '2155010103', NULL, 'Lê Danh Hoàng', NULL, '2003-01-01', NULL, '2024-12-19', '$2y$10$EEam0Gb53BB70nYej8lGoOXz./U.aKOUE0rDTqkog8YVAu3PDFpTS', 1, NULL, NULL, NULL, 3),
('', '2155010107', NULL, 'Nguyễn Thái Học', NULL, '2003-01-01', NULL, '2024-12-19', '$2y$10$RmcD7VXfua9qUscrfGA3HuWMZ3FihEx0q9n1yJtAo.bUqi8k4aTFq', 1, NULL, NULL, NULL, 3),
('', '2155010112', NULL, 'Nghiêm Việt Hùng', NULL, '2003-01-01', NULL, '2024-12-19', '$2y$10$pJfj0aDWjTYiWbTkA0B1vu.NvSCsVqp4A4PgfWMVXSgiL1e71fbVG', 1, NULL, NULL, NULL, 3),
('', '2155010127', NULL, 'Lê Thành Hưng', NULL, '2003-01-01', NULL, '2024-12-19', '$2y$10$xUm.W61NxZFI82b/fgbB6eqFKMGzKCO1K1xPSRhORioEAL.nizAKW', 1, NULL, NULL, NULL, 3),
('hung00hung0@gmail.com', '2155010132', NULL, 'Trần Quang Hưng', NULL, '2003-01-01', NULL, '2024-12-19', '$2y$10$chYN2KFxaU9/NeeRiSRMkehHU00WCszk07Tn7mbLsUKTdRRCqagoe', 1, NULL, NULL, NULL, 3),
('', '2155010137', NULL, 'Lê Trung Kiên', NULL, '2003-01-01', NULL, '2024-12-19', '$2y$10$0izbVCfrv1UGEq.emY.V1eYINzH2AvYgO6.bAFdmpXQyjGIkxDmpy', 1, NULL, NULL, NULL, 3),
('', '2155010142', NULL, 'Nguyễn Quang Khánh', NULL, '2003-01-01', NULL, '2024-12-19', '$2y$10$ySFhxNxX5MMi3klzaDoM0./wD834/K6mRrLrM6SkIz9diFvX.Pey2', 1, NULL, NULL, NULL, 3),
('', '2155010147', NULL, 'Nguyễn Thị Phương Linh', NULL, '2003-01-01', NULL, '2024-12-19', '$2y$10$3ftQ/ZvtMG1PJN6N4lkBKu9OQQcYHYLU1NDI8RHWt5w.Nw1WIc55m', 1, NULL, NULL, NULL, 3),
('', '2155010157', NULL, 'Vũ Vân Long', NULL, '2003-01-01', NULL, '2024-12-19', '$2y$10$7mTiM4W2/UwnBzBDnL5iHuAYdR3ctmOWEFuuWpCrrZmHnCufNIBfa', 1, NULL, NULL, NULL, 3),
('', '2155010177', NULL, 'Trần Nhật Nam', NULL, '2003-01-01', NULL, '2024-12-19', '$2y$10$8kFmh2SRWlKLBCFN9hjtiOPmbPBdRA3w1RNcZxDqn3JlO6O7PpDqO', 1, NULL, NULL, NULL, 3),
('', '2155010182', NULL, 'Trần Trọng Nghĩa', NULL, '2003-01-01', NULL, '2024-12-19', '$2y$10$OoZirTv6myUW4yzask4SfO2cB/UqgNLZ4osa2K.RYa0JWUGhHuje6', 1, NULL, NULL, NULL, 3),
('', '2155010187', NULL, 'Bùi Sỹ Nguyên', NULL, '2003-01-01', NULL, '2024-12-19', '$2y$10$d3JyS1byRgK2oGH4qxxFAeOTiWmKQ6jt24kZBgv5CONptbS9WdapS', 1, NULL, NULL, NULL, 3),
('nguyennhi.hau2003@gmail.com', '2155010192', NULL, 'Nguyễn Uyển Nhi', NULL, '2003-01-01', NULL, '2024-12-19', '$2y$10$Zal92De1fHktPQavl/Rl0e4R7hqglkJvUwGe3QyykUEd5gjCu3FzW', 1, NULL, NULL, NULL, 3),
('', '2155010197', NULL, 'Nguyễn Duy Phong', NULL, '2003-01-01', NULL, '2024-12-19', '$2y$10$LsukQs6rLgV8QpgXw7LjK.6px3GBsIGuAyxw8HvThdatr.xkzq4d2', 1, NULL, NULL, NULL, 3),
('', '2155010202', NULL, 'Nguyễn Hồng Phúc', NULL, '2003-01-01', NULL, '2024-12-19', '$2y$10$mrN7tjXYwikT9igag8j9FOsrRms.PIuqB0AfAuHhTvxB7bP3RWUNK', 1, NULL, NULL, NULL, 3),
('', '2155010207', NULL, 'Nguyễn Việt Quang', NULL, '2003-01-01', NULL, '2024-12-19', '$2y$10$Tm8zSSdqB97iN2xoC6qQE.vG6EvGVCh443Y1ILADbWl05GVbYIIym', 1, NULL, NULL, NULL, 3),
('', '2155010212', NULL, 'Trần Minh Quân', NULL, '2003-01-01', NULL, '2024-12-19', '$2y$10$Mbap39VnNC68JXoXEN/PgubK5.BI2oXYq68CNA5GsJnQTlXqFownS', 1, NULL, NULL, NULL, 3),
('', '2155010217', NULL, 'Lê Minh Sang', NULL, '2003-01-01', NULL, '2024-12-19', '$2y$10$QB5bSmDPqagmvT7gHLF2kecCz4Vfo3LZTvkGn/QyawXmmvKLOfMuW', 1, NULL, NULL, NULL, 3),
('', '2155010222', NULL, 'Lường Ngọc Sơn', NULL, '2003-01-01', NULL, '2024-12-19', '$2y$10$PsBBVtKUbS8WHCajiFNkM.JwRsQayu0lh3Y7UiTijVUer3uie0TZ.', 1, NULL, NULL, NULL, 3),
('', '2155010227', NULL, 'Giáp Hoàng Việt Tiến', NULL, '2003-01-01', NULL, '2024-12-19', '$2y$10$PSkTHg8JZfIt2NjU0B6kf.owfLZEpbQx6qzOGUSYiZkcjKLJ38YI.', 1, NULL, NULL, NULL, 3),
('', '2155010237', NULL, 'Đặng Thanh Tùng', NULL, '2003-01-01', NULL, '2024-12-19', '$2y$10$hbgOvmYoKf0Bsq2we95yW.K8o7qKdH6xR3n0V2hvH4RsXxzrGnOqK', 1, NULL, NULL, NULL, 3),
('', '2155010242', NULL, 'Hoàng Duy Tưởng', NULL, '2003-01-01', NULL, '2024-12-19', '$2y$10$w9dPiHNa0WMg70Zk25sRHO4P3ytt75QR3UeDxZgYoI/Iw.Am10t5S', 1, NULL, NULL, NULL, 3),
('', '2155010247', NULL, 'Đậu Đức Thắng', NULL, '2003-01-01', NULL, '2024-12-19', '$2y$10$MLvXjDTzKKsiZ0luFjX8kOX.GSTHmrDzbxlNtrAtcdonBY047hYQy', 1, NULL, NULL, NULL, 3),
('', '2155010252', NULL, 'Nguyễn Đức Thuận', NULL, '2003-01-01', NULL, '2024-12-19', '$2y$10$O1ItuowsjlIwwhjNFFCkQejyqpZtuYXfxB6OcXw8PvaB3RAJ8zKWy', 1, NULL, NULL, NULL, 3),
('', '2155010257', NULL, 'Vũ Thanh Thưởng', NULL, '2003-01-01', NULL, '2024-12-19', '$2y$10$kO5YkIywlncW9GxLw6fH6efnC0c8nl6UkjDZxefD3mnPnPcVpwKOy', 1, NULL, NULL, NULL, 3),
('', '2155010262', NULL, 'Nguyễn Hà Trang', NULL, '2003-01-01', NULL, '2024-12-19', '$2y$10$PgIeu6MZthY0jASrsF3saOZOE9WymxohWBOMB2yJ1pSNU7glKGoim', 1, NULL, NULL, NULL, 3),
('', '2155010267', NULL, 'Đỗ Quốc Triệu', NULL, '2003-01-01', NULL, '2024-12-19', '$2y$10$9mbM64eDr9nyEnjsZettLeJrv5bFJKA4IdwjazeVMqCkuKCIY9g5S', 1, NULL, NULL, NULL, 3),
('', '2155010277', NULL, 'Hà Quốc Việt', NULL, '2003-01-01', NULL, '2024-12-19', '$2y$10$cutvzAD2uLGCMj9Ldf7rXupw9mVARWb66F9.bsurqIeRMnxI7E0le', 1, NULL, NULL, NULL, 3),
('', '2155010282', NULL, 'Nguyễn Quang Vinh', NULL, '2003-01-01', NULL, '2024-12-19', '$2y$10$BELMCns1LYAOpwLS9ro71.J/sH3bvKrNqOKwZ6NZiBFXUvXukpVZG', 1, NULL, NULL, NULL, 3);

--
-- Bẫy `nguoidung`
--
DELIMITER $$
CREATE TRIGGER `delete_chitietnhom_by_id` BEFORE DELETE ON `nguoidung` FOR EACH ROW DELETE FROM chitietnhom WHERE chitietnhom.manguoidung = OLD.id
$$
DELIMITER ;

-- --------------------------------------------------------

--
-- Cấu trúc bảng cho bảng `nhom`
--

CREATE TABLE `nhom` (
  `manhom` int(11) NOT NULL,
  `tennhom` varchar(255) NOT NULL,
  `mamoi` varchar(50) DEFAULT NULL,
  `siso` int(11) DEFAULT 0,
  `ghichu` varchar(255) DEFAULT NULL,
  `namhoc` int(11) DEFAULT NULL,
  `hocky` int(11) DEFAULT NULL,
  `trangthai` tinyint(1) DEFAULT 1,
  `hienthi` tinyint(1) DEFAULT 1,
  `giangvien` varchar(50) NOT NULL DEFAULT '',
  `mamonhoc` varchar(50) NOT NULL
) ENGINE=InnoDB DEFAULT CHARSET=utf8mb4 COLLATE=utf8mb4_general_ci;

--
-- Đang đổ dữ liệu cho bảng `nhom`
--

INSERT INTO `nhom` (`manhom`, `tennhom`, `mamoi`, `siso`, `ghichu`, `namhoc`, `hocky`, `trangthai`, `hienthi`, `giangvien`, `mamonhoc`) VALUES
(2, 'Nhóm 1', '82ec6cb', 1, 'Chiều thứ 2', 2024, 1, 1, 1, '111111', 'TH4305'),
(3, 'Nhóm 2', 'de7d132', 0, 'Chiều thứ 3', 2024, 1, 1, 1, '111111', 'TH4305'),
(4, 'Nhóm 1', '1b63ae2', 0, 'a', 2024, 2, 1, 1, '111111', 'TH4309'),
(5, 'Nhóm 2', '49091ff', 6, 'b', 2024, 2, 1, 1, '101010', 'TH4309'),
(6, 'Nhóm 3', 'bf6fcff', 1, 'c', 2024, 2, 1, 1, '101010', 'TH4309'),
(7, 'Nhóm 1', '50d2c10', 0, 'q', 2024, 2, 1, 1, '111111', 'TH4316'),
(8, 'Nhóm 2', '88adf27', 0, 'w', 2024, 2, 1, 1, '101010', 'TH4316'),
(9, 'Nhóm 3', 'a9a606e', 0, 'e', 2024, 2, 1, 1, '101010', 'TH4316'),
(10, 'Nhóm 1', '9b5e891', 0, 'ok', 2024, 2, 1, 1, '111111', 'TH4309'),
(11, 'Nhóm 4', '8f00e51', 0, 'Chiều thứ 2', 2024, 2, 1, 1, '101010', 'TH4309'),
(12, 'Nhóm 1', '590cae6', 0, 'Sáng Thứ 2', 2024, 1, 1, 1, '101010', 'TH4309'),
(13, 'Nhóm 11', 'eb8c732', 1, 'Sáng Thứ 2', 2024, 1, 1, 1, '101010', 'TH4305');

-- --------------------------------------------------------

--
-- Cấu trúc bảng cho bảng `nhomquyen`
--

CREATE TABLE `nhomquyen` (
  `manhomquyen` int(11) NOT NULL,
  `tennhomquyen` varchar(50) NOT NULL,
  `trangthai` tinyint(1) NOT NULL DEFAULT 1
) ENGINE=InnoDB DEFAULT CHARSET=utf8mb4 COLLATE=utf8mb4_general_ci;

--
-- Đang đổ dữ liệu cho bảng `nhomquyen`
--

INSERT INTO `nhomquyen` (`manhomquyen`, `tennhomquyen`, `trangthai`) VALUES
(1, 'Admin', 1),
(2, 'Giảng viên', 1),
(3, 'Sinh viên', 1);

-- --------------------------------------------------------

--
-- Cấu trúc bảng cho bảng `phancong`
--

CREATE TABLE `phancong` (
  `mamonhoc` varchar(50) NOT NULL,
  `manguoidung` varchar(50) NOT NULL DEFAULT ''
) ENGINE=InnoDB DEFAULT CHARSET=utf8mb4 COLLATE=utf8mb4_general_ci;

--
-- Đang đổ dữ liệu cho bảng `phancong`
--

INSERT INTO `phancong` (`mamonhoc`, `manguoidung`) VALUES
('TH4305', '101010'),
('TH4305', '111111'),
('TH4305', '121212'),
('TH4309', '101010'),
('TH4309', '111111'),
('TH4309', '121212'),
('TH4316', '101010'),
('TH4316', '111111'),
('TH4316', '121212');

-- --------------------------------------------------------

--
-- Cấu trúc bảng cho bảng `thongbao`
--

CREATE TABLE `thongbao` (
  `matb` int(11) NOT NULL,
  `noidung` varchar(255) DEFAULT NULL,
  `thoigiantao` datetime DEFAULT NULL,
  `nguoitao` varchar(50) NOT NULL DEFAULT ''
) ENGINE=InnoDB DEFAULT CHARSET=utf8mb4 COLLATE=utf8mb4_general_ci;

--
-- Đang đổ dữ liệu cho bảng `thongbao`
--

INSERT INTO `thongbao` (`matb`, `noidung`, `thoigiantao`, `nguoitao`) VALUES
(8, 'làm đề điii', '2024-12-21 20:39:19', '101010');

--
-- Chỉ mục cho các bảng đã đổ
--

--
-- Chỉ mục cho bảng `cauhoi`
--
ALTER TABLE `cauhoi`
  ADD PRIMARY KEY (`macauhoi`),
  ADD KEY `FK_CAUHOI_MONHOC` (`mamonhoc`) USING BTREE,
  ADD KEY `FK_CAUHOI_CHUONG` (`machuong`) USING BTREE,
  ADD KEY `FK_CAUHOI_NGUOIDUNG` (`nguoitao`);

--
-- Chỉ mục cho bảng `cautraloi`
--
ALTER TABLE `cautraloi`
  ADD PRIMARY KEY (`macautl`),
  ADD KEY `FK_CAUTRALOI_CAUHOI` (`macauhoi`) USING BTREE;

--
-- Chỉ mục cho bảng `chitietdethi`
--
ALTER TABLE `chitietdethi`
  ADD PRIMARY KEY (`made`,`macauhoi`),
  ADD KEY `FK_CHITIETDETHI_CAUHOI` (`macauhoi`) USING BTREE;

--
-- Chỉ mục cho bảng `chitietketqua`
--
ALTER TABLE `chitietketqua`
  ADD PRIMARY KEY (`makq`,`macauhoi`),
  ADD KEY `FK_CHITIETKETQUA_CAUHOI` (`macauhoi`) USING BTREE,
  ADD KEY `FK_CHITIETKETQUA_CAUTRALOI` (`dapanchon`);

--
-- Chỉ mục cho bảng `chitietnhom`
--
ALTER TABLE `chitietnhom`
  ADD PRIMARY KEY (`manhom`,`manguoidung`),
  ADD KEY `FK_CHITIETNHOM_NGUOIDUNG` (`manguoidung`) USING BTREE;

--
-- Chỉ mục cho bảng `chitietquyen`
--
ALTER TABLE `chitietquyen`
  ADD PRIMARY KEY (`manhomquyen`,`chucnang`,`hanhdong`) USING BTREE,
  ADD KEY `hanhdong` (`chucnang`) USING BTREE;

--
-- Chỉ mục cho bảng `chitietthongbao`
--
ALTER TABLE `chitietthongbao`
  ADD PRIMARY KEY (`matb`,`manhom`),
  ADD KEY `FK_CHITIETTHONGBAO_NHOM` (`manhom`);

--
-- Chỉ mục cho bảng `chuong`
--
ALTER TABLE `chuong`
  ADD PRIMARY KEY (`machuong`),
  ADD KEY `FK_CHUONG_MONHOC` (`mamonhoc`);

--
-- Chỉ mục cho bảng `danhmucchucnang`
--
ALTER TABLE `danhmucchucnang`
  ADD PRIMARY KEY (`chucnang`) USING BTREE;

--
-- Chỉ mục cho bảng `dethi`
--
ALTER TABLE `dethi`
  ADD PRIMARY KEY (`made`);

--
-- Chỉ mục cho bảng `dethitudong`
--
ALTER TABLE `dethitudong`
  ADD PRIMARY KEY (`made`,`machuong`),
  ADD KEY `FK_DETHITUDONG_CHUONG` (`machuong`);

--
-- Chỉ mục cho bảng `giaodethi`
--
ALTER TABLE `giaodethi`
  ADD PRIMARY KEY (`made`,`manhom`),
  ADD KEY `FK_GIAODETHI_NHOM` (`manhom`);

--
-- Chỉ mục cho bảng `ketqua`
--
ALTER TABLE `ketqua`
  ADD PRIMARY KEY (`made`,`manguoidung`),
  ADD UNIQUE KEY `stt` (`makq`) USING BTREE,
  ADD KEY `FK_KETQUA_NGUOIDUNG` (`manguoidung`);

--
-- Chỉ mục cho bảng `monhoc`
--
ALTER TABLE `monhoc`
  ADD PRIMARY KEY (`mamonhoc`);

--
-- Chỉ mục cho bảng `nguoidung`
--
ALTER TABLE `nguoidung`
  ADD PRIMARY KEY (`id`),
  ADD KEY `FK_NGUOIDUNG_NHOMQUYEN` (`manhomquyen`);

--
-- Chỉ mục cho bảng `nhom`
--
ALTER TABLE `nhom`
  ADD PRIMARY KEY (`manhom`),
  ADD KEY `FK_NHOM_NGUOIDUNG` (`giangvien`) USING BTREE,
  ADD KEY `FK_nhom_monhoc` (`mamonhoc`) USING BTREE;

--
-- Chỉ mục cho bảng `nhomquyen`
--
ALTER TABLE `nhomquyen`
  ADD PRIMARY KEY (`manhomquyen`);

--
-- Chỉ mục cho bảng `phancong`
--
ALTER TABLE `phancong`
  ADD PRIMARY KEY (`mamonhoc`,`manguoidung`),
  ADD KEY `FK_giangday_nguoidung` (`manguoidung`);

--
-- Chỉ mục cho bảng `thongbao`
--
ALTER TABLE `thongbao`
  ADD PRIMARY KEY (`matb`),
  ADD KEY `FK_THONGBAO_NGUOIDUNG` (`nguoitao`) USING BTREE;

--
-- AUTO_INCREMENT cho các bảng đã đổ
--

--
-- AUTO_INCREMENT cho bảng `cauhoi`
--
ALTER TABLE `cauhoi`
  MODIFY `macauhoi` int(11) NOT NULL AUTO_INCREMENT, AUTO_INCREMENT=1085;

--
-- AUTO_INCREMENT cho bảng `cautraloi`
--
ALTER TABLE `cautraloi`
  MODIFY `macautl` int(11) NOT NULL AUTO_INCREMENT, AUTO_INCREMENT=4332;

--
-- AUTO_INCREMENT cho bảng `chuong`
--
ALTER TABLE `chuong`
  MODIFY `machuong` int(11) NOT NULL AUTO_INCREMENT, AUTO_INCREMENT=46;

--
-- AUTO_INCREMENT cho bảng `dethi`
--
ALTER TABLE `dethi`
  MODIFY `made` int(11) NOT NULL AUTO_INCREMENT, AUTO_INCREMENT=27;

--
-- AUTO_INCREMENT cho bảng `ketqua`
--
ALTER TABLE `ketqua`
  MODIFY `makq` int(11) NOT NULL AUTO_INCREMENT, AUTO_INCREMENT=158;

--
-- AUTO_INCREMENT cho bảng `nhom`
--
ALTER TABLE `nhom`
  MODIFY `manhom` int(11) NOT NULL AUTO_INCREMENT, AUTO_INCREMENT=14;

--
-- AUTO_INCREMENT cho bảng `nhomquyen`
--
ALTER TABLE `nhomquyen`
  MODIFY `manhomquyen` int(11) NOT NULL AUTO_INCREMENT, AUTO_INCREMENT=15;

--
-- AUTO_INCREMENT cho bảng `thongbao`
--
ALTER TABLE `thongbao`
  MODIFY `matb` int(11) NOT NULL AUTO_INCREMENT, AUTO_INCREMENT=9;

--
-- Các ràng buộc cho các bảng đã đổ
--

--
-- Các ràng buộc cho bảng `cauhoi`
--
ALTER TABLE `cauhoi`
  ADD CONSTRAINT `FK_CAUHOI_CHUONG` FOREIGN KEY (`machuong`) REFERENCES `chuong` (`machuong`) ON DELETE CASCADE ON UPDATE CASCADE,
  ADD CONSTRAINT `FK_CAUHOI_MONHOC` FOREIGN KEY (`mamonhoc`) REFERENCES `monhoc` (`mamonhoc`) ON DELETE CASCADE ON UPDATE CASCADE;

--
-- Các ràng buộc cho bảng `cautraloi`
--
ALTER TABLE `cautraloi`
  ADD CONSTRAINT `FK_CAUTRALOI_CAUHOI` FOREIGN KEY (`macauhoi`) REFERENCES `cauhoi` (`macauhoi`) ON DELETE CASCADE ON UPDATE CASCADE;

--
-- Các ràng buộc cho bảng `chitietdethi`
--
ALTER TABLE `chitietdethi`
  ADD CONSTRAINT `FK_CHITIETDETHI_CAUHOI` FOREIGN KEY (`macauhoi`) REFERENCES `cauhoi` (`macauhoi`) ON DELETE CASCADE ON UPDATE CASCADE,
  ADD CONSTRAINT `FK_CHITIETDETHI_DETHI` FOREIGN KEY (`made`) REFERENCES `dethi` (`made`) ON DELETE CASCADE ON UPDATE CASCADE;

--
-- Các ràng buộc cho bảng `chitietketqua`
--
ALTER TABLE `chitietketqua`
  ADD CONSTRAINT `FK_CHITIETKETQUA_CAUHOI` FOREIGN KEY (`macauhoi`) REFERENCES `cauhoi` (`macauhoi`) ON DELETE CASCADE ON UPDATE CASCADE,
  ADD CONSTRAINT `FK_CHITIETKETQUA_CAUTRALOI` FOREIGN KEY (`dapanchon`) REFERENCES `cautraloi` (`macautl`) ON DELETE CASCADE ON UPDATE CASCADE,
  ADD CONSTRAINT `FK_CHITIETKETQUA_KETQUA` FOREIGN KEY (`makq`) REFERENCES `ketqua` (`makq`) ON DELETE CASCADE ON UPDATE CASCADE;

--
-- Các ràng buộc cho bảng `chitietnhom`
--
ALTER TABLE `chitietnhom`
  ADD CONSTRAINT `FK_CHITIETNHOM_NHOM` FOREIGN KEY (`manhom`) REFERENCES `nhom` (`manhom`) ON DELETE CASCADE ON UPDATE CASCADE,
  ADD CONSTRAINT `FK_chitietnhom_nguoidung` FOREIGN KEY (`manguoidung`) REFERENCES `nguoidung` (`id`) ON DELETE CASCADE ON UPDATE CASCADE;

--
-- Các ràng buộc cho bảng `chitietquyen`
--
ALTER TABLE `chitietquyen`
  ADD CONSTRAINT `FK_CHITIETQUYEN_NHOMQUYEN` FOREIGN KEY (`manhomquyen`) REFERENCES `nhomquyen` (`manhomquyen`) ON DELETE CASCADE ON UPDATE CASCADE,
  ADD CONSTRAINT `chitietquyen_ibfk_1` FOREIGN KEY (`chucnang`) REFERENCES `danhmucchucnang` (`chucnang`) ON DELETE CASCADE ON UPDATE CASCADE;

--
-- Các ràng buộc cho bảng `chitietthongbao`
--
ALTER TABLE `chitietthongbao`
  ADD CONSTRAINT `FK_CHITIETTHONGBAO_NHOM` FOREIGN KEY (`manhom`) REFERENCES `nhom` (`manhom`) ON DELETE CASCADE ON UPDATE CASCADE,
  ADD CONSTRAINT `FK_CHITIETTHONGBAO_THONGBAO` FOREIGN KEY (`matb`) REFERENCES `thongbao` (`matb`) ON DELETE CASCADE ON UPDATE CASCADE;

--
-- Các ràng buộc cho bảng `chuong`
--
ALTER TABLE `chuong`
  ADD CONSTRAINT `FK_CHUONG_MONHOC` FOREIGN KEY (`mamonhoc`) REFERENCES `monhoc` (`mamonhoc`) ON DELETE CASCADE ON UPDATE CASCADE;

--
-- Các ràng buộc cho bảng `dethitudong`
--
ALTER TABLE `dethitudong`
  ADD CONSTRAINT `FK_DETHITUDONG_CHUONG` FOREIGN KEY (`machuong`) REFERENCES `chuong` (`machuong`) ON DELETE CASCADE ON UPDATE CASCADE,
  ADD CONSTRAINT `FK_DETHITUDONG_DETHI` FOREIGN KEY (`made`) REFERENCES `dethi` (`made`) ON DELETE CASCADE ON UPDATE CASCADE;

--
-- Các ràng buộc cho bảng `giaodethi`
--
ALTER TABLE `giaodethi`
  ADD CONSTRAINT `FK_GIAODETHI_DETHI` FOREIGN KEY (`made`) REFERENCES `dethi` (`made`) ON DELETE CASCADE ON UPDATE CASCADE,
  ADD CONSTRAINT `FK_GIAODETHI_NHOM` FOREIGN KEY (`manhom`) REFERENCES `nhom` (`manhom`) ON DELETE CASCADE ON UPDATE CASCADE;

--
-- Các ràng buộc cho bảng `ketqua`
--
ALTER TABLE `ketqua`
  ADD CONSTRAINT `FK_KETQUA_DETHI` FOREIGN KEY (`made`) REFERENCES `dethi` (`made`) ON DELETE CASCADE ON UPDATE CASCADE,
  ADD CONSTRAINT `FK_ketqua_nguoidung` FOREIGN KEY (`manguoidung`) REFERENCES `nguoidung` (`id`) ON DELETE CASCADE ON UPDATE CASCADE;

--
-- Các ràng buộc cho bảng `nguoidung`
--
ALTER TABLE `nguoidung`
  ADD CONSTRAINT `FK_NGUOIDUNG_NHOMQUYEN` FOREIGN KEY (`manhomquyen`) REFERENCES `nhomquyen` (`manhomquyen`) ON DELETE CASCADE ON UPDATE CASCADE;

--
-- Các ràng buộc cho bảng `nhom`
--
ALTER TABLE `nhom`
  ADD CONSTRAINT `FK_nhom_monhoc` FOREIGN KEY (`mamonhoc`) REFERENCES `monhoc` (`mamonhoc`) ON DELETE CASCADE ON UPDATE CASCADE;

--
-- Các ràng buộc cho bảng `phancong`
--
ALTER TABLE `phancong`
  ADD CONSTRAINT `FK_giangday_monhoc` FOREIGN KEY (`mamonhoc`) REFERENCES `monhoc` (`mamonhoc`) ON DELETE CASCADE ON UPDATE CASCADE,
  ADD CONSTRAINT `FK_phancong_nguoidung` FOREIGN KEY (`manguoidung`) REFERENCES `nguoidung` (`id`) ON DELETE CASCADE ON UPDATE CASCADE;
COMMIT;

/*!40101 SET CHARACTER_SET_CLIENT=@OLD_CHARACTER_SET_CLIENT */;
/*!40101 SET CHARACTER_SET_RESULTS=@OLD_CHARACTER_SET_RESULTS */;
/*!40101 SET COLLATION_CONNECTION=@OLD_COLLATION_CONNECTION */;
